number,value,datetime_start,datetime_complete,duration,params_corr_top_n_k,params_elasticnet_alpha,params_elasticnet_l1,params_enet_cv,params_enet_fill,params_enet_l1_ratio,params_enet_max_iter,params_fa_comp,params_fast_screen_k,params_lasso_alpha,params_lgbm_alpha,params_lgbm_colsample,params_lgbm_lambda,params_lgbm_lr,params_lgbm_max_depth,params_lgbm_min_child,params_lgbm_n_estimators,params_lgbm_num_leaves,params_lgbm_subsample,params_model,params_pca_comp,params_selector,params_step_size,params_train_window,params_variance_threshold,user_attrs_error_message,user_attrs_eval_mode,user_attrs_mae,user_attrs_mape,user_attrs_model,user_attrs_model_params,user_attrs_n_eval_points,user_attrs_n_features_input,user_attrs_n_features_used,user_attrs_n_folds,user_attrs_n_model_used_vars,user_attrs_n_raw_features,user_attrs_n_sel_features,user_attrs_n_trans_features,user_attrs_rmse,user_attrs_runtime_sec,user_attrs_seed,user_attrs_selector_method,user_attrs_selector_params,user_attrs_status,user_attrs_step_size,user_attrs_train_window,user_attrs_window_type,state
0,0.005950725797354875,2026-04-21 10:12:31.468349,2026-04-21 10:12:41.920284,0 days 00:00:10.451935,,,,3.0,median,0.6876802097909916,5000.0,,,0.007547949317521508,,,,,,,,,,elasticnet,,lasso,3,60,,,common_frequency,0.004841641308628619,111.79002530177873,elasticnet,"{""l1_ratio"": 0.6876802097909916, ""cv"": 3, ""max_iter"": 5000, ""fill_strategy"": ""median""}",30,287,287,10,2,287,2,287,0.005950725797354875,1.73,123,lasso,"{""alpha"": 0.007547949317521508}",success,3,60,expanding,COMPLETE
1,0.005282288863647289,2026-04-21 10:12:31.472928,2026-04-21 10:13:11.639021,0 days 00:00:40.166093,,,,,,,,,45.0,,0.0031831055587761823,0.7001298848493802,0.004748798330239697,0.007161046539280987,-1.0,36.0,481.0,42.0,0.5543480594861425,lightgbm,,fast_screen,1,80,,,common_frequency,0.004227083501213981,67.87515921836058,lightgbm,"{""n_estimators"": 481, ""learning_rate"": 0.007161046539280987, ""num_leaves"": 42, ""max_depth"": -1, ""min_child_samples"": 36, ""subsample"": 0.5543480594861425, ""colsample_bytree"": 0.7001298848493802, ""reg_alpha"": 0.0031831055587761823, ""reg_lambda"": 0.004748798330239697}",30,287,287,30,45,287,45,287,0.005282288863647289,26.67,123,fast_screen,"{""top_n"": 45}",success,1,80,expanding,COMPLETE
2,0.005244367484115748,2026-04-21 10:12:31.717375,2026-04-21 10:13:06.355832,0 days 00:00:34.638457,,,,,,,,,41.0,,0.0005906990144479435,0.6522199736292946,0.04150936643175992,0.006717263373508481,5.0,30.0,274.0,45.0,0.5711620898710219,lightgbm,,fast_screen,1,60,,,common_frequency,0.0045494697990341604,104.65123192024701,lightgbm,"{""n_estimators"": 274, ""learning_rate"": 0.006717263373508481, ""num_leaves"": 45, ""max_depth"": 5, ""min_child_samples"": 30, ""subsample"": 0.5711620898710219, ""colsample_bytree"": 0.6522199736292946, ""reg_alpha"": 0.0005906990144479435, ""reg_lambda"": 0.04150936643175992}",30,287,287,30,41,287,41,287,0.005244367484115748,24.45,123,fast_screen,"{""top_n"": 41}",success,1,60,expanding,COMPLETE
3,0.006990239031786339,2026-04-21 10:12:31.848527,2026-04-21 10:13:12.733545,0 days 00:00:40.885018,,,,3.0,median,0.38576643669507293,1000.0,,,,,,,,,,,,,elasticnet,9.0,pca,1,120,,,common_frequency,0.005990835158341402,122.617172981241,elasticnet,"{""l1_ratio"": 0.38576643669507293, ""cv"": 3, ""max_iter"": 1000, ""fill_strategy"": ""median""}",30,287,287,30,9,287,9,287,0.006990239031786339,27.85,123,pca,"{""n_components"": 9}",success,1,120,expanding,COMPLETE
4,0.006996729653759667,2026-04-21 10:12:43.299877,2026-04-21 10:13:13.827272,0 days 00:00:30.527395,,,,5.0,median,0.588988824295847,2000.0,,,,,,,,,,,,,elasticnet,,variance_filter,3,100,0.0002673550375408926,,common_frequency,0.005975793381404198,151.46541243020883,elasticnet,"{""l1_ratio"": 0.588988824295847, ""cv"": 5, ""max_iter"": 2000, ""fill_strategy"": ""median""}",30,287,287,10,201,287,201,287,0.006996729653759667,22.27,123,variance_filter,"{""threshold"": 0.0002673550375408926}",success,3,100,expanding,COMPLETE
5,0.006146825508939598,2026-04-21 10:13:10.138917,2026-04-21 10:13:19.184123,0 days 00:00:09.045206,,0.00044071468129878896,0.8295086352820542,,,,,,,,0.08449312045845574,0.8893043464280606,0.09508024385563706,0.10573026595647905,10.0,36.0,198.0,16.0,0.7786710447420386,lightgbm,,elasticnet,1,100,,,common_frequency,0.004160288353808711,76.52799934471709,lightgbm,"{""n_estimators"": 198, ""learning_rate"": 0.10573026595647905, ""num_leaves"": 16, ""max_depth"": 10, ""min_child_samples"": 36, ""subsample"": 0.7786710447420386, ""colsample_bytree"": 0.8893043464280606, ""reg_alpha"": 0.08449312045845574, ""reg_lambda"": 0.09508024385563706}",30,287,287,30,53,287,53,287,0.006146825508939598,3.21,123,elasticnet,"{""alpha"": 0.00044071468129878896, ""l1_ratio"": 0.8295086352820542}",success,1,100,expanding,COMPLETE
6,0.010201390625323171,2026-04-21 10:13:13.811631,2026-04-21 10:13:23.776264,0 days 00:00:09.964633,,,,,,,,,,0.10129680486306805,0.025710616476899224,0.9670890754704977,0.038031555116328865,0.05672346812379765,10.0,8.0,246.0,46.0,0.5269846205169897,lightgbm,,lasso,3,120,,,common_frequency,0.00871034610991936,175.3230698050934,lightgbm,"{""n_estimators"": 246, ""learning_rate"": 0.05672346812379765, ""num_leaves"": 46, ""max_depth"": 10, ""min_child_samples"": 8, ""subsample"": 0.5269846205169897, ""colsample_bytree"": 0.9670890754704977, ""reg_alpha"": 0.025710616476899224, ""reg_lambda"": 0.038031555116328865}",30,287,287,10,5,287,5,287,0.010201390625323171,1.07,123,lasso,"{""alpha"": 0.10129680486306805}",success,3,120,expanding,COMPLETE
7,0.005151836692023147,2026-04-21 10:13:13.826523,2026-04-21 10:13:48.735360,0 days 00:00:34.908837,,,,5.0,mean,0.12792724236034259,1000.0,,,,,,,,,,,,,elasticnet,,variance_filter,1,60,2.127861122826389e-06,,common_frequency,0.004077851515621849,105.95521158539628,elasticnet,"{""l1_ratio"": 0.12792724236034259, ""cv"": 5, ""max_iter"": 1000, ""fill_strategy"": ""mean""}",30,287,287,30,287,287,287,287,0.005151836692023147,27.0,123,variance_filter,"{""threshold"": 2.127861122826389e-06}",success,1,60,expanding,COMPLETE
8,0.007018337804432967,2026-04-21 10:13:19.067996,2026-04-21 10:13:28.255063,0 days 00:00:09.187067,,0.11853467532518122,0.45506700633954045,,,,,,,,0.001606465980497485,0.9522543285362367,0.04061113910261888,0.0036438260226984193,10.0,49.0,326.0,43.0,0.7440232930324835,lightgbm,,elasticnet,3,120,,,common_frequency,0.006352190919161667,158.9602278033785,lightgbm,"{""n_estimators"": 326, ""learning_rate"": 0.0036438260226984193, ""num_leaves"": 43, ""max_depth"": 10, ""min_child_samples"": 49, ""subsample"": 0.7440232930324835, ""colsample_bytree"": 0.9522543285362367, ""reg_alpha"": 0.001606465980497485, ""reg_lambda"": 0.04061113910261888}",30,287,287,10,5,287,5,287,0.007018337804432967,1.12,123,elasticnet,"{""alpha"": 0.11853467532518122, ""l1_ratio"": 0.45506700633954045}",success,3,120,expanding,COMPLETE
9,0.0063137817155157205,2026-04-21 10:13:23.236217,2026-04-21 10:13:41.538452,0 days 00:00:18.302235,,,,,,,,,,,0.0018377967069724678,0.9508371641110736,0.00011857670837519952,0.0015847765771228014,10.0,19.0,246.0,26.0,0.9093639091274549,lightgbm,,variance_filter,3,60,0.00023107769401624738,,common_frequency,0.005721774430521442,143.7440439616442,lightgbm,"{""n_estimators"": 246, ""learning_rate"": 0.0015847765771228014, ""num_leaves"": 26, ""max_depth"": 10, ""min_child_samples"": 19, ""subsample"": 0.9093639091274549, ""colsample_bytree"": 0.9508371641110736, ""reg_alpha"": 0.0018377967069724678, ""reg_lambda"": 0.00011857670837519952}",30,287,287,10,208,287,208,287,0.0063137817155157205,6.29,123,variance_filter,"{""threshold"": 0.00023107769401624738}",success,3,60,expanding,COMPLETE
10,0.006595982481263877,2026-04-21 10:13:24.359172,2026-04-21 10:13:41.652151,0 days 00:00:17.292979,,,,,,,,,32.0,,0.28557760377859653,0.9086017384971528,0.00016061309194726736,0.005334763180834776,10.0,22.0,67.0,49.0,0.7679542509179929,lightgbm,,fast_screen,3,60,,,common_frequency,0.005957344066472728,157.25817538576376,lightgbm,"{""n_estimators"": 67, ""learning_rate"": 0.005334763180834776, ""num_leaves"": 49, ""max_depth"": 10, ""min_child_samples"": 22, ""subsample"": 0.7679542509179929, ""colsample_bytree"": 0.9086017384971528, ""reg_alpha"": 0.28557760377859653, ""reg_lambda"": 0.00016061309194726736}",30,287,287,10,32,287,32,287,0.006595982481263877,5.59,123,fast_screen,"{""top_n"": 32}",success,3,60,expanding,COMPLETE
11,0.005091744961935449,2026-04-21 10:13:29.549222,2026-04-21 10:13:50.933309,0 days 00:00:21.384087,,,,5.0,mean,0.6839631938695769,2000.0,,64.0,,,,,,,,,,,elasticnet,,fast_screen,3,60,,,common_frequency,0.003919260478231026,85.33653901220448,elasticnet,"{""l1_ratio"": 0.6839631938695769, ""cv"": 5, ""max_iter"": 2000, ""fill_strategy"": ""mean""}",30,287,287,10,64,287,64,287,0.005091744961935449,13.55,123,fast_screen,"{""top_n"": 64}",success,3,60,expanding,COMPLETE
12,0.005150696366831358,2026-04-21 10:13:41.767647,2026-04-21 10:14:30.160854,0 days 00:00:48.393207,,,,5.0,mean,0.11701555133802888,2000.0,,,,,,,,,,,,,elasticnet,,none,1,80,,,common_frequency,0.00407600187545546,105.91037829870005,elasticnet,"{""l1_ratio"": 0.11701555133802888, ""cv"": 5, ""max_iter"": 2000, ""fill_strategy"": ""mean""}",30,287,287,30,287,287,287,287,0.005150696366831358,43.55,123,none,{},success,1,80,expanding,COMPLETE
13,0.005283717716365935,2026-04-21 10:13:42.814238,2026-04-21 10:14:37.527226,0 days 00:00:54.712988,49.0,,,5.0,zero,0.12153082665680837,5000.0,,,,,,,,,,,,,elasticnet,,corr_top_n,1,80,,,common_frequency,0.004382188400060905,102.87921309572505,elasticnet,"{""l1_ratio"": 0.12153082665680837, ""cv"": 5, ""max_iter"": 5000, ""fill_strategy"": ""zero""}",30,287,287,30,49,287,49,287,0.005283717716365935,49.23,123,corr_top_n,"{""top_n"": 49}",success,1,80,expanding,COMPLETE
14,0.006742884436083425,2026-04-21 10:13:48.881974,2026-04-21 10:14:54.744977,0 days 00:01:05.863003,,,,5.0,mean,0.10659469667003849,1000.0,3.0,,,,,,,,,,,,elasticnet,,factor_analysis,1,60,,,common_frequency,0.00550330776741173,110.64442422123935,elasticnet,"{""l1_ratio"": 0.10659469667003849, ""cv"": 5, ""max_iter"": 1000, ""fill_strategy"": ""mean""}",30,287,287,30,3,287,3,287,0.006742884436083425,60.9,123,factor_analysis,"{""n_components"": 3}",success,1,60,expanding,COMPLETE
15,0.005291466731244387,2026-04-21 10:13:51.638838,2026-04-21 10:14:21.398512,0 days 00:00:29.759674,13.0,,,5.0,mean,0.2075306491388132,1000.0,,,,,,,,,,,,,elasticnet,,corr_top_n,1,60,,,common_frequency,0.0045192659278312265,105.95122350855138,elasticnet,"{""l1_ratio"": 0.2075306491388132, ""cv"": 5, ""max_iter"": 1000, ""fill_strategy"": ""mean""}",30,287,287,30,13,287,13,287,0.005291466731244387,25.89,123,corr_top_n,"{""top_n"": 13}",success,1,60,expanding,COMPLETE
16,0.006743703997826522,2026-04-21 10:14:21.618751,2026-04-21 10:15:27.189696,0 days 00:01:05.570945,,,,5.0,mean,0.8700676881025737,2000.0,3.0,,,,,,,,,,,,elasticnet,,factor_analysis,1,80,,,common_frequency,0.005503345611604509,110.59476116119826,elasticnet,"{""l1_ratio"": 0.8700676881025737, ""cv"": 5, ""max_iter"": 2000, ""fill_strategy"": ""mean""}",30,287,287,30,3,287,3,287,0.006743703997826522,58.44,123,factor_analysis,"{""n_components"": 3}",success,1,80,expanding,COMPLETE
17,0.005210991051968999,2026-04-21 10:14:30.494113,2026-04-21 10:15:20.154822,0 days 00:00:49.660709,,,,5.0,mean,0.8886729612770771,2000.0,,,,,,,,,,,,,elasticnet,,none,1,80,,,common_frequency,0.004128101156274198,106.78403480539636,elasticnet,"{""l1_ratio"": 0.8886729612770771, ""cv"": 5, ""max_iter"": 2000, ""fill_strategy"": ""mean""}",30,287,287,30,287,287,287,287,0.005210991051968999,42.37,123,none,{},success,1,80,expanding,COMPLETE
18,0.005210959800562474,2026-04-21 10:14:37.653734,2026-04-21 10:14:57.005589,0 days 00:00:19.351855,,,,5.0,mean,0.878282014284419,2000.0,,,,,,,,,,,,,elasticnet,,none,3,80,,,common_frequency,0.0041280620414459596,106.78282455456399,elasticnet,"{""l1_ratio"": 0.878282014284419, ""cv"": 5, ""max_iter"": 2000, ""fill_strategy"": ""mean""}",30,287,287,10,287,287,287,287,0.005210959800562474,16.28,123,none,{},success,3,80,expanding,COMPLETE
19,0.005210831039952073,2026-04-21 10:14:56.997705,2026-04-21 10:15:19.255667,0 days 00:00:22.257962,,,,5.0,mean,0.8349304034307099,2000.0,,,,,,,,,,,,,elasticnet,,none,3,80,,,common_frequency,0.00412789748667524,106.7778134692291,elasticnet,"{""l1_ratio"": 0.8349304034307099, ""cv"": 5, ""max_iter"": 2000, ""fill_strategy"": ""mean""}",30,287,287,10,287,287,287,287,0.005210831039952073,17.47,123,none,{},success,3,80,expanding,COMPLETE
20,0.005207898449654921,2026-04-21 10:14:58.023186,2026-04-21 10:15:26.759990,0 days 00:00:28.736804,,,,5.0,mean,0.37195435760430395,2000.0,,,,,,,,,,,,,elasticnet,,none,3,80,,,common_frequency,0.004124007268392869,106.66070044691985,elasticnet,"{""l1_ratio"": 0.37195435760430395, ""cv"": 5, ""max_iter"": 2000, ""fill_strategy"": ""mean""}",30,287,287,10,287,287,287,287,0.005207898449654921,17.66,123,none,{},success,3,80,expanding,COMPLETE
21,0.006383718521407314,2026-04-21 10:15:19.913104,2026-04-21 10:15:28.687659,0 days 00:00:08.774555,,,,3.0,zero,0.37086912754924395,2000.0,,,,,,,,,,,,,elasticnet,,none,3,80,,,common_frequency,0.004642719352008945,108.87483866709687,elasticnet,"{""l1_ratio"": 0.37086912754924395, ""cv"": 3, ""max_iter"": 2000, ""fill_strategy"": ""zero""}",30,287,287,10,287,287,287,287,0.006383718521407314,3.32,123,none,{},success,3,80,expanding,COMPLETE
22,0.007287325035046817,2026-04-21 10:15:21.172748,2026-04-21 10:15:32.724871,0 days 00:00:11.552123,,,,3.0,zero,0.37365337827343403,2000.0,,,,,,,,,,,,,elasticnet,20.0,pca,3,100,,,common_frequency,0.0054020429220515975,108.75904159935482,elasticnet,"{""l1_ratio"": 0.37365337827343403, ""cv"": 3, ""max_iter"": 2000, ""fill_strategy"": ""zero""}",30,287,287,10,20,287,20,287,0.007287325035046817,2.87,123,pca,"{""n_components"": 20}",success,3,100,expanding,COMPLETE
23,0.00631184693421328,2026-04-21 10:15:28.108961,2026-04-21 10:16:06.390873,0 days 00:00:38.281912,,,,3.0,zero,0.28996811601461636,1000.0,,,,,,,,,,,,,elasticnet,,variance_filter,1,60,1.2860596588762834e-06,,common_frequency,0.0045711598861334765,107.34556531670383,elasticnet,"{""l1_ratio"": 0.28996811601461636, ""cv"": 3, ""max_iter"": 1000, ""fill_strategy"": ""zero""}",30,287,287,30,287,287,287,287,0.00631184693421328,31.12,123,variance_filter,"{""threshold"": 1.2860596588762834e-06}",success,1,60,expanding,COMPLETE
24,0.00515925692426162,2026-04-21 10:15:29.282023,2026-04-21 10:16:27.363124,0 days 00:00:58.081101,,,,5.0,mean,0.24784909055445117,1000.0,,,,,,,,,,,,,elasticnet,,variance_filter,1,60,1.1019078035750056e-06,,common_frequency,0.004088960632380649,106.22508859695867,elasticnet,"{""l1_ratio"": 0.24784909055445117, ""cv"": 5, ""max_iter"": 1000, ""fill_strategy"": ""mean""}",30,287,287,30,287,287,287,287,0.00515925692426162,47.99,123,variance_filter,"{""threshold"": 1.1019078035750056e-06}",success,1,60,expanding,COMPLETE
25,0.005159241521138091,2026-04-21 10:15:31.127473,2026-04-21 10:16:30.012499,0 days 00:00:58.885026,,,,5.0,mean,0.24755639190122253,1000.0,,,,,,,,,,,,,elasticnet,,variance_filter,1,60,1.3799425417602076e-06,,common_frequency,0.004088937894478282,106.22452489933387,elasticnet,"{""l1_ratio"": 0.24755639190122253, ""cv"": 5, ""max_iter"": 1000, ""fill_strategy"": ""mean""}",30,287,287,30,287,287,287,287,0.005159241521138091,49.2,123,variance_filter,"{""threshold"": 1.3799425417602076e-06}",success,1,60,expanding,COMPLETE
26,0.005159460525803279,2026-04-21 10:15:34.082144,2026-04-21 10:16:30.938210,0 days 00:00:56.856066,,,,5.0,mean,0.2531468167282317,1000.0,,,,,,,,,,,,,elasticnet,,variance_filter,1,60,1.3697916571325968e-06,,common_frequency,0.00408925517208888,106.23222584461254,elasticnet,"{""l1_ratio"": 0.2531468167282317, ""cv"": 5, ""max_iter"": 1000, ""fill_strategy"": ""mean""}",30,287,287,30,287,287,287,287,0.005159460525803279,48.63,123,variance_filter,"{""threshold"": 1.3697916571325968e-06}",success,1,60,expanding,COMPLETE
27,0.005210341953568283,2026-04-21 10:16:06.608445,2026-04-21 10:16:48.660141,0 days 00:00:42.051696,,,,5.0,mean,0.6978078529625755,1000.0,,,,,,,,,,,,,elasticnet,,variance_filter,1,60,1.2311477506885626e-06,,common_frequency,0.004127249087277349,106.75832356241763,elasticnet,"{""l1_ratio"": 0.6978078529625755, ""cv"": 5, ""max_iter"": 1000, ""fill_strategy"": ""mean""}",30,287,287,30,287,287,287,287,0.005210341953568283,37.42,123,variance_filter,"{""threshold"": 1.2311477506885626e-06}",success,1,60,expanding,COMPLETE
28,0.005285742404573947,2026-04-21 10:16:27.494678,2026-04-21 10:17:47.967619,0 days 00:01:20.472941,,,,5.0,mean,0.7114379780950942,5000.0,,88.0,,,,,,,,,,,elasticnet,,fast_screen,1,60,,,common_frequency,0.004159549023848546,94.11902740978218,elasticnet,"{""l1_ratio"": 0.7114379780950942, ""cv"": 5, ""max_iter"": 5000, ""fill_strategy"": ""mean""}",30,287,287,30,88,287,88,287,0.005285742404573947,74.56,123,fast_screen,"{""top_n"": 88}",success,1,60,expanding,COMPLETE
29,0.005274172154777249,2026-04-21 10:16:31.559156,2026-04-21 10:18:01.765491,0 days 00:01:30.206335,,,,5.0,mean,0.5501715318600799,5000.0,,91.0,,,,,,,,,,,elasticnet,,fast_screen,1,100,,,common_frequency,0.004026855843427351,89.20743659652454,elasticnet,"{""l1_ratio"": 0.5501715318600799, ""cv"": 5, ""max_iter"": 5000, ""fill_strategy"": ""mean""}",30,287,287,30,91,287,91,287,0.005274172154777249,80.5,123,fast_screen,"{""top_n"": 91}",success,1,100,expanding,COMPLETE
30,0.005332539356566645,2026-04-21 10:16:31.848108,2026-04-21 10:17:53.889355,0 days 00:01:22.041247,,,,5.0,mean,0.7172519291280665,5000.0,,89.0,,,,,,,,,,,elasticnet,,fast_screen,1,100,,,common_frequency,0.004139082968873218,92.93937527190239,elasticnet,"{""l1_ratio"": 0.7172519291280665, ""cv"": 5, ""max_iter"": 5000, ""fill_strategy"": ""mean""}",30,287,287,30,89,287,89,287,0.005332539356566645,76.88,123,fast_screen,"{""top_n"": 89}",success,1,100,expanding,COMPLETE
31,0.005333255197819486,2026-04-21 10:16:48.836904,2026-04-21 10:18:02.122004,0 days 00:01:13.285100,,,,5.0,mean,0.4935591321786498,5000.0,,89.0,,,,,,,,,,,elasticnet,,fast_screen,1,100,,,common_frequency,0.004140701950939807,92.99517792095091,elasticnet,"{""l1_ratio"": 0.4935591321786498, ""cv"": 5, ""max_iter"": 5000, ""fill_strategy"": ""mean""}",30,287,287,30,89,287,89,287,0.005333255197819486,68.55,123,fast_screen,"{""top_n"": 89}",success,1,100,expanding,COMPLETE
32,0.008344496623733976,2026-04-21 10:17:48.098807,2026-04-21 10:18:01.243936,0 days 00:00:13.145129,,,,5.0,mean,0.5725550453804041,2000.0,,,0.0002183250722660755,,,,,,,,,,elasticnet,,lasso,3,100,,,common_frequency,0.0071354342094949955,165.8460479717887,elasticnet,"{""l1_ratio"": 0.5725550453804041, ""cv"": 5, ""max_iter"": 2000, ""fill_strategy"": ""mean""}",30,287,287,10,69,287,69,287,0.008344496623733976,5.5,123,lasso,"{""alpha"": 0.0002183250722660755}",success,3,100,expanding,COMPLETE
33,0.010009951966100184,2026-04-21 10:17:59.385451,2026-04-21 10:18:09.755997,0 days 00:00:10.370546,,,,5.0,median,0.514713209618117,2000.0,,,0.0001981523981471677,,,,,,,,,,elasticnet,,lasso,3,120,,,common_frequency,0.007833834996869212,170.70340387627803,elasticnet,"{""l1_ratio"": 0.514713209618117, ""cv"": 5, ""max_iter"": 2000, ""fill_strategy"": ""median""}",30,287,287,10,71,287,71,287,0.010009951966100184,3.55,123,lasso,"{""alpha"": 0.0001981523981471677}",success,3,120,expanding,COMPLETE
34,0.005199324571066075,2026-04-21 10:18:02.221841,2026-04-21 10:18:58.931735,0 days 00:00:56.709894,,,,5.0,mean,0.1672662608008741,1000.0,,,,,,,,,,,,,elasticnet,,variance_filter,1,60,1.258882296501348e-05,,common_frequency,0.004163974243253826,106.41743837991051,elasticnet,"{""l1_ratio"": 0.1672662608008741, ""cv"": 5, ""max_iter"": 1000, ""fill_strategy"": ""mean""}",30,287,287,30,263,287,263,287,0.005199324571066075,47.18,123,variance_filter,"{""threshold"": 1.258882296501348e-05}",success,1,60,expanding,COMPLETE
35,0.005334462755982502,2026-04-21 10:18:02.828980,2026-04-21 10:19:00.464659,0 days 00:00:57.635679,,,,5.0,mean,0.17686972958525304,1000.0,,,,,,,,,,,,,elasticnet,,variance_filter,1,60,1.544744065253502e-05,,common_frequency,0.004336524075643446,110.28144924208564,elasticnet,"{""l1_ratio"": 0.17686972958525304, ""cv"": 5, ""max_iter"": 1000, ""fill_strategy"": ""mean""}",30,287,287,30,258,287,258,287,0.005334462755982502,47.59,123,variance_filter,"{""threshold"": 1.544744065253502e-05}",success,1,60,expanding,COMPLETE
36,0.005328154795307783,2026-04-21 10:18:02.124461,2026-04-21 10:19:02.862533,0 days 00:01:00.738072,,,,5.0,mean,0.16306167046921854,1000.0,,,,,,,,,,,,,elasticnet,,variance_filter,1,60,1.5262884760242176e-05,,common_frequency,0.004308843149468566,109.65392286181257,elasticnet,"{""l1_ratio"": 0.16306167046921854, ""cv"": 5, ""max_iter"": 1000, ""fill_strategy"": ""mean""}",30,287,287,30,258,287,258,287,0.005328154795307783,48.28,123,variance_filter,"{""threshold"": 1.5262884760242176e-05}",success,1,60,expanding,COMPLETE
37,0.005197295446403434,2026-04-21 10:18:09.883940,2026-04-21 10:19:05.312712,0 days 00:00:55.428772,,,,5.0,mean,0.1519632895460467,1000.0,,,,,,,,,,,,,elasticnet,,variance_filter,1,60,1.375913513026252e-05,,common_frequency,0.004160987903032048,106.34392781554325,elasticnet,"{""l1_ratio"": 0.1519632895460467, ""cv"": 5, ""max_iter"": 1000, ""fill_strategy"": ""mean""}",30,287,287,30,260,287,260,287,0.005197295446403434,45.66,123,variance_filter,"{""threshold"": 1.375913513026252e-05}",success,1,60,expanding,COMPLETE
38,0.00706775467734286,2026-04-21 10:18:59.051927,2026-04-21 10:19:15.086988,0 days 00:00:16.035061,,,,5.0,mean,0.18957710442153658,1000.0,,,,,,,,,,,,,elasticnet,3.0,pca,1,60,,,common_frequency,0.006006165537330189,121.94411048495546,elasticnet,"{""l1_ratio"": 0.18957710442153658, ""cv"": 5, ""max_iter"": 1000, ""fill_strategy"": ""mean""}",30,287,287,30,3,287,3,287,0.00706775467734286,8.98,123,pca,"{""n_components"": 3}",success,1,60,expanding,COMPLETE
39,0.011889158220867299,2026-04-21 10:19:03.158000,2026-04-21 10:19:39.056043,0 days 00:00:35.898043,,,,,,,,,,,0.0001766434245043617,0.5047794154183385,0.6766660700245823,0.029022777064779133,-1.0,7.0,478.0,63.0,0.9960436368330509,lightgbm,2.0,pca,1,60,,,common_frequency,0.01037412524501803,200.38460312729677,lightgbm,"{""n_estimators"": 478, ""learning_rate"": 0.029022777064779133, ""num_leaves"": 63, ""max_depth"": -1, ""min_child_samples"": 7, ""subsample"": 0.9960436368330509, ""colsample_bytree"": 0.5047794154183385, ""reg_alpha"": 0.0001766434245043617, ""reg_lambda"": 0.6766660700245823}",30,287,287,30,2,287,2,287,0.011889158220867299,18.45,123,pca,"{""n_components"": 2}",success,1,60,expanding,COMPLETE
40,0.00664429970311444,2026-04-21 10:19:04.947729,2026-04-21 10:19:29.920370,0 days 00:00:24.972641,,0.6583103626013384,0.11430478016924778,,,,,,,,0.5676631930785094,0.5166130360042505,0.7773836685518656,0.03414299176530231,-1.0,5.0,493.0,60.0,0.987630528847162,lightgbm,,elasticnet,1,120,,,common_frequency,0.0059279986512947875,157.26344676873398,lightgbm,"{""n_estimators"": 493, ""learning_rate"": 0.03414299176530231, ""num_leaves"": 60, ""max_depth"": -1, ""min_child_samples"": 5, ""subsample"": 0.987630528847162, ""colsample_bytree"": 0.5166130360042505, ""reg_alpha"": 0.5676631930785094, ""reg_lambda"": 0.7773836685518656}",30,287,287,30,5,287,5,287,0.00664429970311444,12.15,123,elasticnet,"{""alpha"": 0.6583103626013384, ""l1_ratio"": 0.11430478016924778}",success,1,120,expanding,COMPLETE
41,0.006875787253963784,2026-04-21 10:19:06.550911,2026-04-21 10:19:34.072273,0 days 00:00:27.521362,,,,,,,,,,,0.019124547602811574,0.5137073402693463,0.761848126196486,0.02240990817237603,-1.0,50.0,485.0,63.0,0.9913735583251755,lightgbm,2.0,pca,1,120,,,common_frequency,0.00607546487459226,152.6466724753569,lightgbm,"{""n_estimators"": 485, ""learning_rate"": 0.02240990817237603, ""num_leaves"": 63, ""max_depth"": -1, ""min_child_samples"": 50, ""subsample"": 0.9913735583251755, ""colsample_bytree"": 0.5137073402693463, ""reg_alpha"": 0.019124547602811574, ""reg_lambda"": 0.761848126196486}",30,287,287,30,2,287,2,287,0.006875787253963784,14.99,123,pca,"{""n_components"": 2}",success,1,120,expanding,COMPLETE
42,0.008489689369530241,2026-04-21 10:19:15.563856,2026-04-21 10:19:37.908187,0 days 00:00:22.344331,,0.9141758638679341,0.2172008941082635,,,,,,,,0.00011359624270784358,0.5122791620161532,0.7682444714999639,0.030463054879692357,-1.0,5.0,474.0,63.0,0.9343869870248858,lightgbm,,elasticnet,1,120,,,common_frequency,0.007382928404146167,162.1945132587196,lightgbm,"{""n_estimators"": 474, ""learning_rate"": 0.030463054879692357, ""num_leaves"": 63, ""max_depth"": -1, ""min_child_samples"": 5, ""subsample"": 0.9343869870248858, ""colsample_bytree"": 0.5122791620161532, ""reg_alpha"": 0.00011359624270784358, ""reg_lambda"": 0.7682444714999639}",30,287,287,30,5,287,5,287,0.008489689369530241,14.35,123,elasticnet,"{""alpha"": 0.9141758638679341, ""l1_ratio"": 0.2172008941082635}",success,1,120,expanding,COMPLETE
43,0.00871115897063313,2026-04-21 10:19:33.945906,2026-04-21 10:19:45.162605,0 days 00:00:11.216699,40.0,,,,,,,,,,0.016449685363343337,0.7893100457204262,0.0015268649695448365,0.1763132932652014,5.0,48.0,97.0,31.0,0.6470574302641037,lightgbm,,corr_top_n,3,60,,,common_frequency,0.006367012550167384,123.43865446214697,lightgbm,"{""n_estimators"": 97, ""learning_rate"": 0.1763132932652014, ""num_leaves"": 31, ""max_depth"": 5, ""min_child_samples"": 48, ""subsample"": 0.6470574302641037, ""colsample_bytree"": 0.7893100457204262, ""reg_alpha"": 0.016449685363343337, ""reg_lambda"": 0.0015268649695448365}",30,287,287,10,40,287,40,287,0.00871115897063313,2.13,123,corr_top_n,"{""top_n"": 40}",success,3,60,expanding,COMPLETE
44,0.005197262933538494,2026-04-21 10:19:37.557674,2026-04-21 10:20:29.625545,0 days 00:00:52.067871,,,,5.0,mean,0.27254815033259816,1000.0,,,,,,,,,,,,,elasticnet,,variance_filter,1,60,3.7469454997411132e-06,,common_frequency,0.00411678015901008,106.41023485183258,elasticnet,"{""l1_ratio"": 0.27254815033259816, ""cv"": 5, ""max_iter"": 1000, ""fill_strategy"": ""mean""}",30,287,287,30,284,287,284,287,0.005197262933538494,45.07,123,variance_filter,"{""threshold"": 3.7469454997411132e-06}",success,1,60,expanding,COMPLETE
45,0.005197888136172123,2026-04-21 10:19:39.674439,2026-04-21 10:20:41.281139,0 days 00:01:01.606700,,,,5.0,mean,0.29329565207071506,1000.0,,,,,,,,,,,,,elasticnet,,variance_filter,1,60,4.023884400836129e-06,,common_frequency,0.004117714251031586,106.43334018630509,elasticnet,"{""l1_ratio"": 0.29329565207071506, ""cv"": 5, ""max_iter"": 1000, ""fill_strategy"": ""mean""}",30,287,287,30,283,287,283,287,0.005197888136172123,50.79,123,variance_filter,"{""threshold"": 4.023884400836129e-06}",success,1,60,expanding,COMPLETE
46,0.005196908019872438,2026-04-21 10:19:40.302310,2026-04-21 10:20:42.455319,0 days 00:01:02.153009,,,,5.0,mean,0.26186798704814596,1000.0,,,,,,,,,,,,,elasticnet,,variance_filter,1,60,3.731787117874903e-06,,common_frequency,0.004116251416749925,106.39720229646092,elasticnet,"{""l1_ratio"": 0.26186798704814596, ""cv"": 5, ""max_iter"": 1000, ""fill_strategy"": ""mean""}",30,287,287,30,284,287,284,287,0.005196908019872438,50.59,123,variance_filter,"{""threshold"": 3.731787117874903e-06}",success,1,60,expanding,COMPLETE
47,0.0051970286362170515,2026-04-21 10:19:45.890746,2026-04-21 10:20:44.039000,0 days 00:00:58.148254,,,,5.0,mean,0.26542996445548905,1000.0,,,,,,,,,,,,,elasticnet,,variance_filter,1,60,3.6993640409297204e-06,,common_frequency,0.004116429341551681,106.40157188409208,elasticnet,"{""l1_ratio"": 0.26542996445548905, ""cv"": 5, ""max_iter"": 1000, ""fill_strategy"": ""mean""}",30,287,287,30,284,287,284,287,0.0051970286362170515,50.48,123,variance_filter,"{""threshold"": 3.6993640409297204e-06}",success,1,60,expanding,COMPLETE
48,0.006996817819951706,2026-04-21 10:20:29.749348,2026-04-21 10:20:57.787119,0 days 00:00:28.037771,,,,3.0,median,0.2259604176974525,1000.0,,,,,,,,,,,,,elasticnet,,variance_filter,1,60,4.003485551345383e-06,,common_frequency,0.005358541473374273,131.1668824621147,elasticnet,"{""l1_ratio"": 0.2259604176974525, ""cv"": 3, ""max_iter"": 1000, ""fill_strategy"": ""median""}",30,287,287,30,283,287,283,287,0.006996817819951706,22.31,123,variance_filter,"{""threshold"": 4.003485551345383e-06}",success,1,60,expanding,COMPLETE
49,0.0054765495999434515,2026-04-21 10:20:43.891179,2026-04-21 10:20:57.214227,0 days 00:00:13.323048,,,,3.0,median,0.11141667261666431,2000.0,19.0,,,,,,,,,,,,elasticnet,,factor_analysis,3,80,,,common_frequency,0.004289622475766659,96.53754650759578,elasticnet,"{""l1_ratio"": 0.11141667261666431, ""cv"": 3, ""max_iter"": 2000, ""fill_strategy"": ""median""}",30,287,287,10,19,287,19,287,0.0054765495999434515,8.32,123,factor_analysis,"{""n_components"": 19}",success,3,80,expanding,COMPLETE
50,0.010855532513939847,2026-04-21 21:08:15.381121,2026-04-21 21:08:32.405964,0 days 00:00:17.024843,,,,5.0,zero,0.6264697558938244,2000.0,,,,,,,,,,,,,elasticnet,,none,3,80,,,common_frequency,0.0064708205014761214,134.61715018463877,elasticnet,"{""l1_ratio"": 0.6264697558938244, ""cv"": 5, ""max_iter"": 2000, ""fill_strategy"": ""zero""}",120,287,287,40,287,287,287,287,0.010855532513939847,13.72,123,none,{},success,3,80,expanding,COMPLETE
51,0.01072402302364597,2026-04-21 21:08:32.581233,2026-04-21 21:09:31.756183,0 days 00:00:59.174950,,,,5.0,mean,0.3230149143558009,1000.0,,,,,,,,,,,,,elasticnet,,variance_filter,1,60,1.0205302417908034e-06,,common_frequency,0.006337517041315044,131.38954492375314,elasticnet,"{""l1_ratio"": 0.3230149143558009, ""cv"": 5, ""max_iter"": 1000, ""fill_strategy"": ""mean""}",120,287,287,120,287,287,287,287,0.01072402302364597,55.92,123,variance_filter,"{""threshold"": 1.0205302417908034e-06}",success,1,60,expanding,COMPLETE
52,0.007315820951485563,2026-04-21 21:09:31.893297,2026-04-21 21:10:52.585302,0 days 00:01:20.692005,,,,5.0,mean,0.4201486288857347,1000.0,,66.0,,,,,,,,,,,elasticnet,,fast_screen,1,60,,,common_frequency,0.0052124774058093,98.00543522709194,elasticnet,"{""l1_ratio"": 0.4201486288857347, ""cv"": 5, ""max_iter"": 1000, ""fill_strategy"": ""mean""}",120,287,287,120,66,287,66,287,0.007315820951485563,77.35,123,fast_screen,"{""top_n"": 66}",success,1,60,expanding,COMPLETE
53,0.010713104361894734,2026-04-21 21:10:52.722433,2026-04-21 21:11:49.267216,0 days 00:00:56.544783,,,,5.0,mean,0.7848744076403275,1000.0,,,,,,,,,,,,,elasticnet,,variance_filter,1,60,1.5533978910795037e-06,,common_frequency,0.006331803972856226,131.44985247551494,elasticnet,"{""l1_ratio"": 0.7848744076403275, ""cv"": 5, ""max_iter"": 1000, ""fill_strategy"": ""mean""}",120,287,287,120,287,287,287,287,0.010713104361894734,53.3,123,variance_filter,"{""threshold"": 1.5533978910795037e-06}",success,1,60,expanding,COMPLETE
54,0.007403334691749496,2026-04-21 21:11:49.404172,2026-04-21 21:12:16.152404,0 days 00:00:26.748232,5.0,,,5.0,mean,0.22327519859293102,1000.0,,,,,,,,,,,,,elasticnet,,corr_top_n,1,60,,,common_frequency,0.005522156646735778,117.91795368137818,elasticnet,"{""l1_ratio"": 0.22327519859293102, ""cv"": 5, ""max_iter"": 1000, ""fill_strategy"": ""mean""}",120,287,287,120,5,287,5,287,0.007403334691749496,23.45,123,corr_top_n,"{""top_n"": 5}",success,1,60,expanding,COMPLETE
55,0.01074770618318372,2026-04-21 21:12:16.289526,2026-04-21 21:13:05.737082,0 days 00:00:49.447556,,,,5.0,mean,0.1355169775070384,2000.0,,,,,,,,,,,,,elasticnet,,none,1,80,,,common_frequency,0.006432513632551234,132.6036412795767,elasticnet,"{""l1_ratio"": 0.1355169775070384, ""cv"": 5, ""max_iter"": 2000, ""fill_strategy"": ""mean""}",120,287,287,120,287,287,287,287,0.01074770618318372,46.24,123,none,{},success,1,80,expanding,COMPLETE
56,0.009783302617861523,2026-04-21 21:13:05.898293,2026-04-21 21:13:46.425298,0 days 00:00:40.527005,,,,5.0,median,0.10372757683074174,1000.0,16.0,,,,,,,,,,,,elasticnet,,factor_analysis,1,60,,,common_frequency,0.006709963134666752,116.04388622995265,elasticnet,"{""l1_ratio"": 0.10372757683074174, ""cv"": 5, ""max_iter"": 1000, ""fill_strategy"": ""median""}",120,287,287,120,16,287,16,287,0.009783302617861523,37.32,123,factor_analysis,"{""n_components"": 16}",success,1,60,expanding,COMPLETE
57,0.010719705606263067,2026-04-21 21:13:46.560016,2026-04-21 21:14:08.689292,0 days 00:00:22.129276,,,,5.0,mean,0.42308613596785877,2000.0,,,,,,,,,,,,,elasticnet,,variance_filter,3,60,2.109877038922347e-06,,common_frequency,0.006336370058553339,131.37761608018207,elasticnet,"{""l1_ratio"": 0.42308613596785877, ""cv"": 5, ""max_iter"": 2000, ""fill_strategy"": ""mean""}",120,287,287,40,287,287,287,287,0.010719705606263067,18.86,123,variance_filter,"{""threshold"": 2.109877038922347e-06}",success,3,60,expanding,COMPLETE
58,0.01333607261974755,2026-04-21 21:14:08.863771,2026-04-21 21:14:25.795039,0 days 00:00:16.931268,,,,5.0,mean,0.3210388814208719,1000.0,,,0.5723785570957312,,,,,,,,,,elasticnet,,lasso,1,80,,,common_frequency,0.008321251018267202,172.27279918701086,elasticnet,"{""l1_ratio"": 0.3210388814208719, ""cv"": 5, ""max_iter"": 1000, ""fill_strategy"": ""mean""}",120,287,287,120,5,287,5,287,0.01333607261974755,13.65,123,lasso,"{""alpha"": 0.5723785570957312}",success,1,80,expanding,COMPLETE
59,0.00686499821212468,2026-04-21 21:14:25.919781,2026-04-21 21:15:32.937468,0 days 00:01:07.017687,,,,3.0,zero,0.6349885596647881,2000.0,,66.0,,,,,,,,,,,elasticnet,,fast_screen,1,60,,,common_frequency,0.004866258481654303,99.06207635973922,elasticnet,"{""l1_ratio"": 0.6349885596647881, ""cv"": 3, ""max_iter"": 2000, ""fill_strategy"": ""zero""}",120,287,287,120,66,287,66,287,0.00686499821212468,63.8,123,fast_screen,"{""top_n"": 66}",success,1,60,expanding,COMPLETE
60,0.010739873567653475,2026-04-21 21:15:33.070866,2026-04-21 21:15:52.383745,0 days 00:00:19.312879,,,,5.0,mean,0.2162767875466797,1000.0,,,,,,,,,,,,,elasticnet,,none,3,60,,,common_frequency,0.0064067957378983,132.0388850079062,elasticnet,"{""l1_ratio"": 0.2162767875466797, ""cv"": 5, ""max_iter"": 1000, ""fill_strategy"": ""mean""}",120,287,287,40,287,287,287,287,0.010739873567653475,16.16,123,none,{},success,3,60,expanding,COMPLETE
61,0.010731210168685328,2026-04-21 21:15:52.556311,2026-04-21 21:16:50.723205,0 days 00:00:58.166894,,,,5.0,mean,0.23691182655107637,1000.0,,,,,,,,,,,,,elasticnet,,variance_filter,1,60,1.970264477527287e-06,,common_frequency,0.0063767571384967196,131.8090722689225,elasticnet,"{""l1_ratio"": 0.23691182655107637, ""cv"": 5, ""max_iter"": 1000, ""fill_strategy"": ""mean""}",120,287,287,120,287,287,287,287,0.010731210168685328,54.97,123,variance_filter,"{""threshold"": 1.970264477527287e-06}",success,1,60,expanding,COMPLETE
62,0.010722781743419499,2026-04-21 21:16:50.851739,2026-04-21 21:17:50.229196,0 days 00:00:59.377457,,,,5.0,mean,0.33468539422247623,1000.0,,,,,,,,,,,,,elasticnet,,variance_filter,1,60,2.5454593914167417e-06,,common_frequency,0.006324307440510957,131.0919874343975,elasticnet,"{""l1_ratio"": 0.33468539422247623, ""cv"": 5, ""max_iter"": 1000, ""fill_strategy"": ""mean""}",120,287,287,120,285,287,285,287,0.010722781743419499,56.15,123,variance_filter,"{""threshold"": 2.5454593914167417e-06}",success,1,60,expanding,COMPLETE
63,0.010745038805945665,2026-04-21 21:17:50.356964,2026-04-21 21:18:47.392817,0 days 00:00:57.035853,,,,5.0,mean,0.23558969429723498,1000.0,,,,,,,,,,,,,elasticnet,,variance_filter,1,60,6.428355948262152e-06,,common_frequency,0.006444460910665884,132.37082939505396,elasticnet,"{""l1_ratio"": 0.23558969429723498, ""cv"": 5, ""max_iter"": 1000, ""fill_strategy"": ""mean""}",120,287,287,120,275,287,275,287,0.010745038805945665,53.79,123,variance_filter,"{""threshold"": 6.428355948262152e-06}",success,1,60,expanding,COMPLETE
64,0.013249684054744406,2026-04-21 21:18:47.532392,2026-04-21 21:19:46.289026,0 days 00:00:58.756634,,,,5.0,mean,0.25759586699681225,2000.0,,,,,,,,,,,,,elasticnet,,variance_filter,1,60,7.759033075812595e-05,,common_frequency,0.00839580067716344,165.66085065074324,elasticnet,"{""l1_ratio"": 0.25759586699681225, ""cv"": 5, ""max_iter"": 2000, ""fill_strategy"": ""mean""}",120,287,287,120,234,287,234,287,0.013249684054744406,55.4,123,variance_filter,"{""threshold"": 7.759033075812595e-05}",success,1,60,expanding,COMPLETE
65,0.01072492729072679,2026-04-21 21:19:46.426033,2026-04-21 21:20:44.039249,0 days 00:00:57.613216,,,,5.0,mean,0.1979412036722363,5000.0,,,,,,,,,,,,,elasticnet,,variance_filter,1,80,1.0865658757490697e-06,,common_frequency,0.0063983941706642275,131.99317661703637,elasticnet,"{""l1_ratio"": 0.1979412036722363, ""cv"": 5, ""max_iter"": 5000, ""fill_strategy"": ""mean""}",120,287,287,120,287,287,287,287,0.01072492729072679,54.23,123,variance_filter,"{""threshold"": 1.0865658757490697e-06}",success,1,80,expanding,COMPLETE
66,0.010287578816558098,2026-04-21 21:20:44.205563,2026-04-21 21:21:09.951635,0 days 00:00:25.746072,,0.00024231791072764586,0.8803389328370841,5.0,mean,0.14131933016891102,1000.0,,,,,,,,,,,,,elasticnet,,elasticnet,1,60,,,common_frequency,0.007580413724978629,152.62405653577713,elasticnet,"{""l1_ratio"": 0.14131933016891102, ""cv"": 5, ""max_iter"": 1000, ""fill_strategy"": ""mean""}",120,287,287,120,61,287,61,287,0.010287578816558098,22.3,123,elasticnet,"{""alpha"": 0.00024231791072764586, ""l1_ratio"": 0.8803389328370841}",success,1,60,expanding,COMPLETE
67,0.007183459621600395,2026-04-21 21:21:10.086209,2026-04-21 21:21:48.369433,0 days 00:00:38.283224,,,,5.0,mean,0.3025278474611272,2000.0,,20.0,,,,,,,,,,,elasticnet,,fast_screen,1,100,,,common_frequency,0.005480368824448252,98.51570314756295,elasticnet,"{""l1_ratio"": 0.3025278474611272, ""cv"": 5, ""max_iter"": 2000, ""fill_strategy"": ""mean""}",120,287,287,120,20,287,20,287,0.007183459621600395,35.07,123,fast_screen,"{""top_n"": 20}",success,1,100,expanding,COMPLETE
68,0.011511099952122775,2026-04-21 21:21:48.499804,2026-04-21 21:22:02.759087,0 days 00:00:14.259283,,,,3.0,zero,0.4507097397507516,1000.0,,,,,,,,,,,,,elasticnet,,variance_filter,3,60,6.678209569535145e-06,,common_frequency,0.00728632446329133,146.31475560841324,elasticnet,"{""l1_ratio"": 0.4507097397507516, ""cv"": 3, ""max_iter"": 1000, ""fill_strategy"": ""zero""}",120,287,287,40,275,287,275,287,0.011511099952122775,10.65,123,variance_filter,"{""threshold"": 6.678209569535145e-06}",success,3,60,expanding,COMPLETE
69,0.010723887050422171,2026-04-21 21:22:02.891006,2026-04-21 21:22:56.280231,0 days 00:00:53.389225,,,,5.0,mean,0.34679413696563277,1000.0,,,,,,,,,,,,,elasticnet,,none,1,60,,,common_frequency,0.006339213892852696,131.40599119826817,elasticnet,"{""l1_ratio"": 0.34679413696563277, ""cv"": 5, ""max_iter"": 1000, ""fill_strategy"": ""mean""}",120,287,287,120,287,287,287,287,0.010723887050422171,50.19,123,none,{},success,1,60,expanding,COMPLETE
70,0.010714218647169057,2026-04-21 21:22:56.440527,2026-04-21 21:23:52.895848,0 days 00:00:56.455321,,,,5.0,mean,0.7873822608458546,5000.0,,,,,,,,,,,,,elasticnet,,variance_filter,1,80,2.2615560133958503e-06,,common_frequency,0.006339986988018689,131.52462684550613,elasticnet,"{""l1_ratio"": 0.7873822608458546, ""cv"": 5, ""max_iter"": 5000, ""fill_strategy"": ""mean""}",120,287,287,120,286,287,286,287,0.010714218647169057,53.1,123,variance_filter,"{""threshold"": 2.2615560133958503e-06}",success,1,80,expanding,COMPLETE
71,0.010732502716186858,2026-04-21 21:23:53.054208,2026-04-21 21:24:51.324199,0 days 00:00:58.269991,,,,5.0,mean,0.26140344087868794,1000.0,,,,,,,,,,,,,elasticnet,,variance_filter,1,60,2.637143938700247e-06,,common_frequency,0.006368921713200802,131.526883556588,elasticnet,"{""l1_ratio"": 0.26140344087868794, ""cv"": 5, ""max_iter"": 1000, ""fill_strategy"": ""mean""}",120,287,287,120,284,287,284,287,0.010732502716186858,54.91,123,variance_filter,"{""threshold"": 2.637143938700247e-06}",success,1,60,expanding,COMPLETE
72,0.010743012777255935,2026-04-21 21:24:51.463267,2026-04-21 21:25:49.945242,0 days 00:00:58.481975,,,,5.0,mean,0.2698709435608402,1000.0,,,,,,,,,,,,,elasticnet,,variance_filter,1,60,3.7507480329103128e-06,,common_frequency,0.006373912112348619,131.46151871330426,elasticnet,"{""l1_ratio"": 0.2698709435608402, ""cv"": 5, ""max_iter"": 1000, ""fill_strategy"": ""mean""}",120,287,287,120,282,287,282,287,0.010743012777255935,55.14,123,variance_filter,"{""threshold"": 3.7507480329103128e-06}",success,1,60,expanding,COMPLETE
73,0.010777870305042346,2026-04-21 21:25:50.092111,2026-04-21 21:26:46.201284,0 days 00:00:56.109173,,,,5.0,mean,0.19114354645947437,1000.0,,,,,,,,,,,,,elasticnet,,variance_filter,1,60,7.002100115839888e-06,,common_frequency,0.006505293897741073,132.54022296680134,elasticnet,"{""l1_ratio"": 0.19114354645947437, ""cv"": 5, ""max_iter"": 1000, ""fill_strategy"": ""mean""}",120,287,287,120,273,287,273,287,0.010777870305042346,52.79,123,variance_filter,"{""threshold"": 7.002100115839888e-06}",success,1,60,expanding,COMPLETE
74,0.006996875632600045,2026-04-21 21:26:46.336985,2026-04-21 21:27:20.029653,0 days 00:00:33.692668,27.0,,,5.0,mean,0.13727278182205047,1000.0,,,,,,,,,,,,,elasticnet,,corr_top_n,1,60,,,common_frequency,0.005117818545648029,92.79090576481256,elasticnet,"{""l1_ratio"": 0.13727278182205047, ""cv"": 5, ""max_iter"": 1000, ""fill_strategy"": ""mean""}",120,287,287,120,27,287,27,287,0.006996875632600045,30.39,123,corr_top_n,"{""top_n"": 27}",success,1,60,expanding,COMPLETE
75,0.013264324180248898,2026-04-21 21:27:20.154041,2026-04-21 21:27:32.427877,0 days 00:00:12.273836,,,,,,,,,,0.005716412776546111,0.9364639877206417,0.8211614311598865,0.0007227621658639296,0.0013796340299921301,5.0,17.0,378.0,15.0,0.6579896963012004,lightgbm,,lasso,1,120,,,common_frequency,0.00822594166525473,169.66598004747016,lightgbm,"{""n_estimators"": 378, ""learning_rate"": 0.0013796340299921301, ""num_leaves"": 15, ""max_depth"": 5, ""min_child_samples"": 17, ""subsample"": 0.6579896963012004, ""colsample_bytree"": 0.8211614311598865, ""reg_alpha"": 0.9364639877206417, ""reg_lambda"": 0.0007227621658639296}",120,287,287,120,3,287,3,287,0.013264324180248898,8.5,123,lasso,"{""alpha"": 0.005716412776546111}",success,1,120,expanding,COMPLETE
76,0.010723215129858214,2026-04-21 21:27:32.585907,2026-04-21 21:28:32.039973,0 days 00:00:59.454066,,,,5.0,mean,0.35610382941239205,2000.0,,,,,,,,,,,,,elasticnet,,variance_filter,1,60,1.5127506025374817e-06,,common_frequency,0.006338808641423247,131.3984918335172,elasticnet,"{""l1_ratio"": 0.35610382941239205, ""cv"": 5, ""max_iter"": 2000, ""fill_strategy"": ""mean""}",120,287,287,120,287,287,287,287,0.010723215129858214,56.15,123,variance_filter,"{""threshold"": 1.5127506025374817e-06}",success,1,60,expanding,COMPLETE
77,0.007170853389689836,2026-04-21 21:28:32.167936,2026-04-21 21:28:47.153377,0 days 00:00:14.985441,,,,5.0,median,0.16813236569882153,1000.0,11.0,,,,,,,,,,,,elasticnet,,factor_analysis,3,60,,,common_frequency,0.005627105903167773,110.05966917685896,elasticnet,"{""l1_ratio"": 0.16813236569882153, ""cv"": 5, ""max_iter"": 1000, ""fill_strategy"": ""median""}",120,287,287,40,11,287,11,287,0.007170853389689836,11.65,123,factor_analysis,"{""n_components"": 11}",success,3,60,expanding,COMPLETE
78,0.00724461149308482,2026-04-21 21:28:47.285238,2026-04-21 21:29:59.068725,0 days 00:01:11.783487,,,,5.0,mean,0.2932024941464078,1000.0,,56.0,,,,,,,,,,,elasticnet,,fast_screen,1,100,,,common_frequency,0.005242915782315723,97.22040743917934,elasticnet,"{""l1_ratio"": 0.2932024941464078, ""cv"": 5, ""max_iter"": 1000, ""fill_strategy"": ""mean""}",120,287,287,120,56,287,56,287,0.00724461149308482,68.52,123,fast_screen,"{""top_n"": 56}",success,1,100,expanding,COMPLETE
79,0.010728922682747236,2026-04-21 21:29:59.196713,2026-04-21 21:30:58.430399,0 days 00:00:59.233686,,,,5.0,mean,0.2516566720156434,2000.0,,,,,,,,,,,,,elasticnet,,variance_filter,1,60,1.0242112816559402e-06,,common_frequency,0.006375138401538949,131.78101067063105,elasticnet,"{""l1_ratio"": 0.2516566720156434, ""cv"": 5, ""max_iter"": 2000, ""fill_strategy"": ""mean""}",120,287,287,120,287,287,287,287,0.010728922682747236,55.97,123,variance_filter,"{""threshold"": 1.0242112816559402e-06}",success,1,60,expanding,COMPLETE
80,0.012851409347345629,2026-04-21 21:30:58.562351,2026-04-21 21:31:05.046569,0 days 00:00:06.484218,,,,,,,,,,,0.09647066199800991,0.6083840285798225,0.006092351203146131,0.014338967906807956,5.0,41.0,152.0,54.0,0.8440332779221691,lightgbm,,none,1,60,,,common_frequency,0.007905855825306646,155.68618864311188,lightgbm,"{""n_estimators"": 152, ""learning_rate"": 0.014338967906807956, ""num_leaves"": 54, ""max_depth"": 5, ""min_child_samples"": 41, ""subsample"": 0.8440332779221691, ""colsample_bytree"": 0.6083840285798225, ""reg_alpha"": 0.09647066199800991, ""reg_lambda"": 0.006092351203146131}",120,287,287,120,287,287,287,287,0.012851409347345629,2.81,123,none,{},success,1,60,expanding,COMPLETE
81,0.010741763317698758,2026-04-21 21:31:05.213052,2026-04-21 21:32:03.679123,0 days 00:00:58.466071,,,,5.0,mean,0.2802747606487237,1000.0,,,,,,,,,,,,,elasticnet,,variance_filter,1,60,3.4226642833668678e-06,,common_frequency,0.0063730514685595065,131.44799960253474,elasticnet,"{""l1_ratio"": 0.2802747606487237, ""cv"": 5, ""max_iter"": 1000, ""fill_strategy"": ""mean""}",120,287,287,120,283,287,283,287,0.010741763317698758,55.24,123,variance_filter,"{""threshold"": 3.4226642833668678e-06}",success,1,60,expanding,COMPLETE
82,0.010733593296985054,2026-04-21 21:32:03.815563,2026-04-21 21:33:02.145979,0 days 00:00:58.330416,,,,5.0,mean,0.4033140437155037,1000.0,,,,,,,,,,,,,elasticnet,,variance_filter,1,60,5.303652364666321e-06,,common_frequency,0.006369364738017436,131.47554400259006,elasticnet,"{""l1_ratio"": 0.4033140437155037, ""cv"": 5, ""max_iter"": 1000, ""fill_strategy"": ""mean""}",120,287,287,120,276,287,276,287,0.010733593296985054,55.06,123,variance_filter,"{""threshold"": 5.303652364666321e-06}",success,1,60,expanding,COMPLETE
83,0.013484389412459384,2026-04-21 21:33:02.297691,2026-04-21 21:33:46.750278,0 days 00:00:44.452587,,,,5.0,mean,0.2007532675575549,1000.0,,,,,,,,,,,,,elasticnet,,variance_filter,1,60,0.0009467699807459412,,common_frequency,0.00872927538605529,172.74184170142894,elasticnet,"{""l1_ratio"": 0.2007532675575549, ""cv"": 5, ""max_iter"": 1000, ""fill_strategy"": ""mean""}",120,287,287,120,155,287,155,287,0.013484389412459384,41.11,123,variance_filter,"{""threshold"": 0.0009467699807459412}",success,1,60,expanding,COMPLETE
84,0.010724590918572668,2026-04-21 21:33:46.878850,2026-04-21 21:34:45.869584,0 days 00:00:58.990734,,,,5.0,mean,0.30529299592273057,1000.0,,,,,,,,,,,,,elasticnet,,variance_filter,1,60,1.9100538613263817e-06,,common_frequency,0.006337746570038136,131.36826354849612,elasticnet,"{""l1_ratio"": 0.30529299592273057, ""cv"": 5, ""max_iter"": 1000, ""fill_strategy"": ""mean""}",120,287,287,120,287,287,287,287,0.010724590918572668,55.77,123,variance_filter,"{""threshold"": 1.9100538613263817e-06}",success,1,60,expanding,COMPLETE
85,0.011003450417756175,2026-04-21 21:34:46.000478,2026-04-21 21:34:58.681009,0 days 00:00:12.680531,,,,5.0,mean,0.24379053504658282,1000.0,,,,,,,,,,,,,elasticnet,19.0,pca,3,80,,,common_frequency,0.007739965298278311,148.2640797096099,elasticnet,"{""l1_ratio"": 0.24379053504658282, ""cv"": 5, ""max_iter"": 1000, ""fill_strategy"": ""mean""}",120,287,287,40,19,287,19,287,0.011003450417756175,9.31,123,pca,"{""n_components"": 19}",success,3,80,expanding,COMPLETE
86,0.011611813178839948,2026-04-21 21:34:58.846058,2026-04-21 21:35:42.552388,0 days 00:00:43.706330,,,,3.0,mean,0.11859172304349544,1000.0,,,,,,,,,,,,,elasticnet,,variance_filter,1,60,2.9206559941681535e-06,,common_frequency,0.007493276562397217,157.26245582672638,elasticnet,"{""l1_ratio"": 0.11859172304349544, ""cv"": 3, ""max_iter"": 1000, ""fill_strategy"": ""mean""}",120,287,287,120,284,287,284,287,0.011611813178839948,40.49,123,variance_filter,"{""threshold"": 2.9206559941681535e-06}",success,1,60,expanding,COMPLETE
87,0.010853469213629523,2026-04-21 21:35:42.682968,2026-04-21 21:36:31.101055,0 days 00:00:48.418087,,,,5.0,zero,0.2102297502326577,2000.0,,,,,,,,,,,,,elasticnet,,variance_filter,1,120,1.7018381209539933e-06,,common_frequency,0.006471959996897758,134.34132622302914,elasticnet,"{""l1_ratio"": 0.2102297502326577, ""cv"": 5, ""max_iter"": 2000, ""fill_strategy"": ""zero""}",120,287,287,120,287,287,287,287,0.010853469213629523,45.09,123,variance_filter,"{""threshold"": 1.7018381209539933e-06}",success,1,120,expanding,COMPLETE
88,0.005910487222900086,2026-04-21 21:36:31.227668,2026-04-21 21:38:12.074251,0 days 00:01:40.846583,,,,5.0,mean,0.1719930696685334,5000.0,,77.0,,,,,,,,,,,elasticnet,,fast_screen,1,60,,,common_frequency,0.004479833815844022,82.92543860678225,elasticnet,"{""l1_ratio"": 0.1719930696685334, ""cv"": 5, ""max_iter"": 5000, ""fill_strategy"": ""mean""}",120,287,287,120,77,287,77,287,0.005910487222900086,97.47,123,fast_screen,"{""top_n"": 77}",success,1,60,expanding,COMPLETE
89,0.010819037204790216,2026-04-21 21:38:12.205585,2026-04-21 21:39:11.770165,0 days 00:00:59.564580,,,,5.0,median,0.5196347495967185,1000.0,,,,,,,,,,,,,elasticnet,,variance_filter,1,60,4.635716655976717e-05,,common_frequency,0.006470346733680526,133.57879783736038,elasticnet,"{""l1_ratio"": 0.5196347495967185, ""cv"": 5, ""max_iter"": 1000, ""fill_strategy"": ""median""}",120,287,287,120,250,287,250,287,0.010819037204790216,56.23,123,variance_filter,"{""threshold"": 4.635716655976717e-05}",success,1,60,expanding,COMPLETE
90,0.00689771894722421,2026-04-21 21:39:11.909853,2026-04-21 21:39:19.364418,0 days 00:00:07.454565,,0.010072609425337253,0.5877926634914254,5.0,mean,0.26898361236437685,1000.0,,,,,,,,,,,,,elasticnet,,elasticnet,3,60,,,common_frequency,0.005532162368982395,109.80143768307626,elasticnet,"{""l1_ratio"": 0.26898361236437685, ""cv"": 5, ""max_iter"": 1000, ""fill_strategy"": ""mean""}",120,287,287,40,3,287,3,287,0.00689771894722421,4.0,123,elasticnet,"{""alpha"": 0.010072609425337253, ""l1_ratio"": 0.5877926634914254}",success,3,60,expanding,COMPLETE
91,0.010740200445427773,2026-04-21 21:39:19.545916,2026-04-21 21:40:16.126289,0 days 00:00:56.580373,,,,5.0,mean,0.15144214981701087,1000.0,,,,,,,,,,,,,elasticnet,,variance_filter,1,60,1.5728542550542484e-06,,common_frequency,0.006422053257679472,132.3669141309456,elasticnet,"{""l1_ratio"": 0.15144214981701087, ""cv"": 5, ""max_iter"": 1000, ""fill_strategy"": ""mean""}",120,287,287,120,287,287,287,287,0.010740200445427773,53.22,123,variance_filter,"{""threshold"": 1.5728542550542484e-06}",success,1,60,expanding,COMPLETE
92,0.010808024221869023,2026-04-21 21:40:16.244159,2026-04-21 21:41:09.734010,0 days 00:00:53.489851,,,,5.0,mean,0.11011470608683703,1000.0,,,,,,,,,,,,,elasticnet,,variance_filter,1,60,5.469588148991371e-06,,common_frequency,0.006548432191992024,133.8301920961682,elasticnet,"{""l1_ratio"": 0.11011470608683703, ""cv"": 5, ""max_iter"": 1000, ""fill_strategy"": ""mean""}",120,287,287,120,276,287,276,287,0.010808024221869023,50.22,123,variance_filter,"{""threshold"": 5.469588148991371e-06}",success,1,60,expanding,COMPLETE
93,0.010861511800623926,2026-04-21 21:41:09.872631,2026-04-21 21:42:04.268237,0 days 00:00:54.395606,,,,5.0,mean,0.1561672173142405,1000.0,,,,,,,,,,,,,elasticnet,,variance_filter,1,60,8.923686155074728e-06,,common_frequency,0.006591696896241761,133.42160166728584,elasticnet,"{""l1_ratio"": 0.1561672173142405, ""cv"": 5, ""max_iter"": 1000, ""fill_strategy"": ""mean""}",120,287,287,120,267,287,267,287,0.010861511800623926,51.1,123,variance_filter,"{""threshold"": 8.923686155074728e-06}",success,1,60,expanding,COMPLETE
94,0.010727948822805132,2026-04-21 21:42:04.391252,2026-04-21 21:42:55.489985,0 days 00:00:51.098733,,,,5.0,mean,0.19263112005319155,1000.0,,,,,,,,,,,,,elasticnet,,none,1,60,,,common_frequency,0.006409608169731698,132.24605132931714,elasticnet,"{""l1_ratio"": 0.19263112005319155, ""cv"": 5, ""max_iter"": 1000, ""fill_strategy"": ""mean""}",120,287,287,120,287,287,287,287,0.010727948822805132,47.91,123,none,{},success,1,60,expanding,COMPLETE
95,0.01102554874066946,2026-04-21 21:42:55.613825,2026-04-21 21:43:49.589000,0 days 00:00:53.975175,,,,5.0,mean,0.12995770596010112,2000.0,,,,,,,,,,,,,elasticnet,,variance_filter,1,80,2.5593538644883935e-05,,common_frequency,0.006824218881728908,140.86529961835282,elasticnet,"{""l1_ratio"": 0.12995770596010112, ""cv"": 5, ""max_iter"": 2000, ""fill_strategy"": ""mean""}",120,287,287,120,253,287,253,287,0.01102554874066946,50.67,123,variance_filter,"{""threshold"": 2.5593538644883935e-05}",success,1,80,expanding,COMPLETE
96,0.0070391675939361865,2026-04-21 21:43:49.755288,2026-04-21 21:44:23.454753,0 days 00:00:33.699465,26.0,,,5.0,mean,0.6568047489235574,1000.0,,,,,,,,,,,,,elasticnet,,corr_top_n,1,60,,,common_frequency,0.005286270505597006,94.64448159829774,elasticnet,"{""l1_ratio"": 0.6568047489235574, ""cv"": 5, ""max_iter"": 1000, ""fill_strategy"": ""mean""}",120,287,287,120,26,287,26,287,0.0070391675939361865,30.32,123,corr_top_n,"{""top_n"": 26}",success,1,60,expanding,COMPLETE
97,0.009450492075972376,2026-04-21 21:44:23.599888,2026-04-21 21:44:57.532355,0 days 00:00:33.932467,,,,,,,,,,,0.0005303451475861672,0.7197528070827233,0.1468511576721124,0.07857076959722274,5.0,13.0,394.0,36.0,0.6681609855422094,lightgbm,,variance_filter,1,60,1.1317684530140811e-05,,common_frequency,0.006310613875323672,100.1982910260848,lightgbm,"{""n_estimators"": 394, ""learning_rate"": 0.07857076959722274, ""num_leaves"": 36, ""max_depth"": 5, ""min_child_samples"": 13, ""subsample"": 0.6681609855422094, ""colsample_bytree"": 0.7197528070827233, ""reg_alpha"": 0.0005303451475861672, ""reg_lambda"": 0.1468511576721124}",120,287,287,120,264,287,264,287,0.009450492075972376,30.15,123,variance_filter,"{""threshold"": 1.1317684530140811e-05}",success,1,60,expanding,COMPLETE
98,0.007919173712663858,2026-04-21 21:44:57.662199,2026-04-21 21:45:13.006091,0 days 00:00:15.343892,,,,3.0,mean,0.22708030922198666,1000.0,,,0.0013648631915640567,,,,,,,,,,elasticnet,,lasso,1,100,,,common_frequency,0.005490637679441238,109.52701895747077,elasticnet,"{""l1_ratio"": 0.22708030922198666, ""cv"": 3, ""max_iter"": 1000, ""fill_strategy"": ""mean""}",120,287,287,120,16,287,16,287,0.007919173712663858,12.08,123,lasso,"{""alpha"": 0.0013648631915640567}",success,1,100,expanding,COMPLETE
99,0.010728537979747137,2026-04-21 21:45:13.133890,2026-04-21 21:45:34.649329,0 days 00:00:21.515439,,,,5.0,mean,0.7327668953144519,2000.0,,,,,,,,,,,,,elasticnet,,variance_filter,3,60,4.410963388149528e-06,,common_frequency,0.006381716082010028,131.83581004956125,elasticnet,"{""l1_ratio"": 0.7327668953144519, ""cv"": 5, ""max_iter"": 2000, ""fill_strategy"": ""mean""}",120,287,287,40,280,287,280,287,0.010728537979747137,18.26,123,variance_filter,"{""threshold"": 4.410963388149528e-06}",success,3,60,expanding,COMPLETE
100,0.007221292552514727,2026-04-21 21:45:34.773274,2026-04-21 21:46:41.279170,0 days 00:01:06.505896,,,,5.0,mean,0.18345394025232353,1000.0,,54.0,,,,,,,,,,,elasticnet,,fast_screen,1,60,,,common_frequency,0.0051770042314679635,95.89252468636455,elasticnet,"{""l1_ratio"": 0.18345394025232353, ""cv"": 5, ""max_iter"": 1000, ""fill_strategy"": ""mean""}",120,287,287,120,54,287,54,287,0.007221292552514727,63.2,123,fast_screen,"{""top_n"": 54}",success,1,60,expanding,COMPLETE
101,0.010727330095563179,2026-04-21 21:46:41.434260,2026-04-21 21:47:40.081921,0 days 00:00:58.647661,,,,5.0,mean,0.28428457931714135,1000.0,,,,,,,,,,,,,elasticnet,,variance_filter,1,60,3.057251102564017e-06,,common_frequency,0.006328702253976487,131.11931751558495,elasticnet,"{""l1_ratio"": 0.28428457931714135, ""cv"": 5, ""max_iter"": 1000, ""fill_strategy"": ""mean""}",120,287,287,120,283,287,283,287,0.010727330095563179,55.43,123,variance_filter,"{""threshold"": 3.057251102564017e-06}",success,1,60,expanding,COMPLETE
102,0.010725077609726534,2026-04-21 21:47:40.204317,2026-04-21 21:48:39.214077,0 days 00:00:59.009760,,,,5.0,mean,0.3109130434709786,1000.0,,,,,,,,,,,,,elasticnet,,variance_filter,1,60,1.307009303252472e-06,,common_frequency,0.006338279212066309,131.40237730600427,elasticnet,"{""l1_ratio"": 0.3109130434709786, ""cv"": 5, ""max_iter"": 1000, ""fill_strategy"": ""mean""}",120,287,287,120,287,287,287,287,0.010725077609726534,55.71,123,variance_filter,"{""threshold"": 1.307009303252472e-06}",success,1,60,expanding,COMPLETE
103,0.007487170192593625,2026-04-21 21:48:39.338049,2026-04-21 21:49:17.272090,0 days 00:00:37.934041,,,,5.0,mean,0.3366927691076124,1000.0,10.0,,,,,,,,,,,,elasticnet,,factor_analysis,1,60,,,common_frequency,0.005679885634051934,109.62209542876036,elasticnet,"{""l1_ratio"": 0.3366927691076124, ""cv"": 5, ""max_iter"": 1000, ""fill_strategy"": ""mean""}",120,287,287,120,10,287,10,287,0.007487170192593625,34.69,123,factor_analysis,"{""n_components"": 10}",success,1,60,expanding,COMPLETE
104,0.010745375014684644,2026-04-21 21:49:17.401696,2026-04-21 21:50:14.736469,0 days 00:00:57.334773,,,,5.0,mean,0.24441809838216616,1000.0,,,,,,,,,,,,,elasticnet,,variance_filter,1,60,4.146139937026016e-06,,common_frequency,0.006426085857856008,132.21875203297594,elasticnet,"{""l1_ratio"": 0.24441809838216616, ""cv"": 5, ""max_iter"": 1000, ""fill_strategy"": ""mean""}",120,287,287,120,281,287,281,287,0.010745375014684644,54.01,123,variance_filter,"{""threshold"": 4.146139937026016e-06}",success,1,60,expanding,COMPLETE
105,0.01089275116721431,2026-04-21 21:50:14.868032,2026-04-21 21:51:00.430889,0 days 00:00:45.562857,,,,5.0,zero,0.85414841888453,1000.0,,,,,,,,,,,,,elasticnet,,variance_filter,1,80,2.204158621065965e-06,,common_frequency,0.006462390434612461,134.81511223561827,elasticnet,"{""l1_ratio"": 0.85414841888453, ""cv"": 5, ""max_iter"": 1000, ""fill_strategy"": ""zero""}",120,287,287,120,287,287,287,287,0.01089275116721431,42.31,123,variance_filter,"{""threshold"": 2.204158621065965e-06}",success,1,80,expanding,COMPLETE
106,0.010739917955129637,2026-04-21 21:51:00.601215,2026-04-21 21:51:52.310716,0 days 00:00:51.709501,,,,5.0,mean,0.21603214546814184,1000.0,,,,,,,,,,,,,elasticnet,,none,1,60,,,common_frequency,0.006406826082399957,132.03930466962987,elasticnet,"{""l1_ratio"": 0.21603214546814184, ""cv"": 5, ""max_iter"": 1000, ""fill_strategy"": ""mean""}",120,287,287,120,287,287,287,287,0.010739917955129637,48.45,123,none,{},success,1,60,expanding,COMPLETE
107,0.011334002840189043,2026-04-21 21:51:52.444659,2026-04-21 21:52:22.568859,0 days 00:00:30.124200,,,,5.0,mean,0.27353815978767404,2000.0,,,,,,,,,,,,,elasticnet,13.0,pca,1,60,,,common_frequency,0.007971987758387514,154.71052478135863,elasticnet,"{""l1_ratio"": 0.27353815978767404, ""cv"": 5, ""max_iter"": 2000, ""fill_strategy"": ""mean""}",120,287,287,120,13,287,13,287,0.011334002840189043,26.84,123,pca,"{""n_components"": 13}",success,1,60,expanding,COMPLETE
108,0.010885134652763633,2026-04-21 21:52:22.705616,2026-04-21 21:52:45.058025,0 days 00:00:22.352409,,,,5.0,median,0.31966921563752865,5000.0,,,,,,,,,,,,,elasticnet,,variance_filter,3,120,1.3935174832130227e-06,,common_frequency,0.006579474833235825,135.82357602251597,elasticnet,"{""l1_ratio"": 0.31966921563752865, ""cv"": 5, ""max_iter"": 5000, ""fill_strategy"": ""median""}",120,287,287,40,287,287,287,287,0.010885134652763633,19.02,123,variance_filter,"{""threshold"": 1.3935174832130227e-06}",success,3,120,expanding,COMPLETE
109,0.010759353050580584,2026-04-21 21:52:45.190343,2026-04-21 21:53:41.624486,0 days 00:00:56.434143,,,,5.0,mean,0.15258572705522044,1000.0,,,,,,,,,,,,,elasticnet,,variance_filter,1,60,3.0350590053820574e-06,,common_frequency,0.006422107505710042,132.15981600718732,elasticnet,"{""l1_ratio"": 0.15258572705522044, ""cv"": 5, ""max_iter"": 1000, ""fill_strategy"": ""mean""}",120,287,287,120,283,287,283,287,0.010759353050580584,53.07,123,variance_filter,"{""threshold"": 3.0350590053820574e-06}",success,1,60,expanding,COMPLETE
110,0.01269198749343311,2026-04-21 21:53:41.766804,2026-04-21 21:53:54.094463,0 days 00:00:12.327659,,0.004161382930498335,0.3727874197936554,,,,,,,,0.07811792472707212,0.6063858944173606,0.0004888742414513182,0.003103125038040286,-1.0,29.0,156.0,24.0,0.8251865480049567,lightgbm,,elasticnet,1,60,,,common_frequency,0.008029207803761443,153.21104755678843,lightgbm,"{""n_estimators"": 156, ""learning_rate"": 0.003103125038040286, ""num_leaves"": 24, ""max_depth"": -1, ""min_child_samples"": 29, ""subsample"": 0.8251865480049567, ""colsample_bytree"": 0.6063858944173606, ""reg_alpha"": 0.07811792472707212, ""reg_lambda"": 0.0004888742414513182}",120,287,287,120,14,287,14,287,0.01269198749343311,8.47,123,elasticnet,"{""alpha"": 0.004161382930498335, ""l1_ratio"": 0.3727874197936554}",success,1,60,expanding,COMPLETE
111,0.010868653151697239,2026-04-21 21:53:54.267270,2026-04-21 21:54:51.599253,0 days 00:00:57.331983,,,,5.0,mean,0.2321770273985706,1000.0,,,,,,,,,,,,,elasticnet,,variance_filter,1,60,2.0662939483985534e-05,,common_frequency,0.006722114174025924,139.5930935537222,elasticnet,"{""l1_ratio"": 0.2321770273985706, ""cv"": 5, ""max_iter"": 1000, ""fill_strategy"": ""mean""}",120,287,287,120,255,287,255,287,0.010868653151697239,53.65,123,variance_filter,"{""threshold"": 2.0662939483985534e-05}",success,1,60,expanding,COMPLETE
112,0.010775581061198972,2026-04-21 21:54:51.729305,2026-04-21 21:55:46.476504,0 days 00:00:54.747199,,,,5.0,mean,0.17510378695646575,1000.0,,,,,,,,,,,,,elasticnet,,variance_filter,1,60,1.2275788194566818e-05,,common_frequency,0.006579053660648622,134.67128688035135,elasticnet,"{""l1_ratio"": 0.17510378695646575, ""cv"": 5, ""max_iter"": 1000, ""fill_strategy"": ""mean""}",120,287,287,120,259,287,259,287,0.010775581061198972,51.43,123,variance_filter,"{""threshold"": 1.2275788194566818e-05}",success,1,60,expanding,COMPLETE
113,0.010869239919955585,2026-04-21 21:55:46.602576,2026-04-21 21:56:38.882276,0 days 00:00:52.279700,,,,5.0,mean,0.10123588169510442,1000.0,,,,,,,,,,,,,elasticnet,,variance_filter,1,60,9.12100543040544e-06,,common_frequency,0.006617434246350558,134.07030673883048,elasticnet,"{""l1_ratio"": 0.10123588169510442, ""cv"": 5, ""max_iter"": 1000, ""fill_strategy"": ""mean""}",120,287,287,120,266,287,266,287,0.010869239919955585,49.01,123,variance_filter,"{""threshold"": 9.12100543040544e-06}",success,1,60,expanding,COMPLETE
114,0.011021991216229439,2026-04-21 21:56:39.009408,2026-04-21 21:57:32.865875,0 days 00:00:53.856467,,,,5.0,mean,0.12118159697660075,1000.0,,,,,,,,,,,,,elasticnet,,variance_filter,1,60,4.337328388583006e-05,,common_frequency,0.00680010788016207,140.7635244159563,elasticnet,"{""l1_ratio"": 0.12118159697660075, ""cv"": 5, ""max_iter"": 1000, ""fill_strategy"": ""mean""}",120,287,287,120,251,287,251,287,0.011021991216229439,50.6,123,variance_filter,"{""threshold"": 4.337328388583006e-05}",success,1,60,expanding,COMPLETE
115,0.010732637855807681,2026-04-21 21:57:32.997396,2026-04-21 21:58:31.622257,0 days 00:00:58.624861,,,,5.0,mean,0.2577477536588196,1000.0,,,,,,,,,,,,,elasticnet,,variance_filter,1,80,1.9130282403380755e-06,,common_frequency,0.0063811709265091734,131.8143647665562,elasticnet,"{""l1_ratio"": 0.2577477536588196, ""cv"": 5, ""max_iter"": 1000, ""fill_strategy"": ""mean""}",120,287,287,120,287,287,287,287,0.010732637855807681,55.25,123,variance_filter,"{""threshold"": 1.9130282403380755e-06}",success,1,80,expanding,COMPLETE
116,0.006830275455011427,2026-04-21 21:58:31.796328,2026-04-21 21:59:45.963273,0 days 00:01:14.166945,,,,3.0,mean,0.29389029299424674,2000.0,,76.0,,,,,,,,,,,elasticnet,,fast_screen,1,60,,,common_frequency,0.004845468756043676,96.09215782810861,elasticnet,"{""l1_ratio"": 0.29389029299424674, ""cv"": 3, ""max_iter"": 2000, ""fill_strategy"": ""mean""}",120,287,287,120,76,287,76,287,0.006830275455011427,70.89,123,fast_screen,"{""top_n"": 76}",success,1,60,expanding,COMPLETE
117,0.010769385208317687,2026-04-21 21:59:46.092695,2026-04-21 22:00:42.707924,0 days 00:00:56.615229,,,,5.0,mean,0.20856779404502934,1000.0,,,,,,,,,,,,,elasticnet,,variance_filter,1,60,4.957572261712532e-06,,common_frequency,0.006472165906732934,132.35885534405017,elasticnet,"{""l1_ratio"": 0.20856779404502934, ""cv"": 5, ""max_iter"": 1000, ""fill_strategy"": ""mean""}",120,287,287,120,277,287,277,287,0.010769385208317687,53.35,123,variance_filter,"{""threshold"": 4.957572261712532e-06}",success,1,60,expanding,COMPLETE
118,0.010743100323287982,2026-04-21 22:00:42.833865,2026-04-21 22:01:01.529636,0 days 00:00:18.695771,,,,5.0,mean,0.1445451249860812,1000.0,,,,,,,,,,,,,elasticnet,,none,3,100,,,common_frequency,0.006429383971954708,132.5154694391769,elasticnet,"{""l1_ratio"": 0.1445451249860812, ""cv"": 5, ""max_iter"": 1000, ""fill_strategy"": ""mean""}",120,287,287,40,287,287,287,287,0.010743100323287982,15.59,123,none,{},success,3,100,expanding,COMPLETE
119,0.010717943518178024,2026-04-21 22:01:01.666467,2026-04-21 22:02:01.714218,0 days 00:01:00.047751,,,,5.0,mean,0.46729676315293234,1000.0,,,,,,,,,,,,,elasticnet,,variance_filter,1,60,1.2422345421074054e-06,,common_frequency,0.00633508884070689,131.36968534112123,elasticnet,"{""l1_ratio"": 0.46729676315293234, ""cv"": 5, ""max_iter"": 1000, ""fill_strategy"": ""mean""}",120,287,287,120,287,287,287,287,0.010717943518178024,56.8,123,variance_filter,"{""threshold"": 1.2422345421074054e-06}",success,1,60,expanding,COMPLETE
120,0.007104990741625105,2026-04-21 22:02:01.848709,2026-04-21 22:02:54.970526,0 days 00:00:53.121817,40.0,,,5.0,mean,0.16340942165368413,2000.0,,,,,,,,,,,,,elasticnet,,corr_top_n,1,60,,,common_frequency,0.005108083340139137,92.54259222869946,elasticnet,"{""l1_ratio"": 0.16340942165368413, ""cv"": 5, ""max_iter"": 2000, ""fill_strategy"": ""mean""}",120,287,287,120,40,287,40,287,0.007104990741625105,49.82,123,corr_top_n,"{""top_n"": 40}",success,1,60,expanding,COMPLETE
121,0.010721182716739061,2026-04-21 22:02:55.141487,2026-04-21 22:03:15.443006,0 days 00:00:20.301519,,,,5.0,mean,0.39240919202968605,2000.0,,,,,,,,,,,,,elasticnet,,none,3,80,,,common_frequency,0.006337399731340648,131.38628391612542,elasticnet,"{""l1_ratio"": 0.39240919202968605, ""cv"": 5, ""max_iter"": 2000, ""fill_strategy"": ""mean""}",120,287,287,40,287,287,287,287,0.010721182716739061,17.15,123,none,{},success,3,80,expanding,COMPLETE
122,0.0107223636302336,2026-04-21 22:03:15.574491,2026-04-21 22:03:35.542466,0 days 00:00:19.967975,,,,5.0,mean,0.3703899607065861,2000.0,,,,,,,,,,,,,elasticnet,,none,3,80,,,common_frequency,0.006338215959928092,131.39330062697232,elasticnet,"{""l1_ratio"": 0.3703899607065861, ""cv"": 5, ""max_iter"": 2000, ""fill_strategy"": ""mean""}",120,287,287,40,287,287,287,287,0.0107223636302336,16.79,123,none,{},success,3,80,expanding,COMPLETE
123,0.010716579066450047,2026-04-21 22:03:35.675466,2026-04-21 22:03:55.588250,0 days 00:00:19.912784,,,,5.0,mean,0.5944089078308055,2000.0,,,,,,,,,,,,,elasticnet,,none,3,80,,,common_frequency,0.006334332466332887,131.48529875717787,elasticnet,"{""l1_ratio"": 0.5944089078308055, ""cv"": 5, ""max_iter"": 2000, ""fill_strategy"": ""mean""}",120,287,287,40,287,287,287,287,0.010716579066450047,16.69,123,none,{},success,3,80,expanding,COMPLETE
124,0.01087495924923939,2026-04-21 22:03:55.719912,2026-04-21 22:04:14.209835,0 days 00:00:18.489923,,,,5.0,zero,0.24516280552352057,2000.0,,,,,,,,,,,,,elasticnet,,variance_filter,3,80,2.4166230621295536e-06,,common_frequency,0.006483115332326908,134.7462450605683,elasticnet,"{""l1_ratio"": 0.24516280552352057, ""cv"": 5, ""max_iter"": 2000, ""fill_strategy"": ""zero""}",120,287,287,40,285,287,285,287,0.01087495924923939,15.27,123,variance_filter,"{""threshold"": 2.4166230621295536e-06}",success,3,80,expanding,COMPLETE
125,0.0120979000583603,2026-04-21 22:04:14.334668,2026-04-21 22:04:29.022340,0 days 00:00:14.687672,,,,5.0,mean,0.2796398294821296,1000.0,7.0,,,,,,,,,,,,elasticnet,,factor_analysis,3,80,,,common_frequency,0.007880292821543254,151.9396858015513,elasticnet,"{""l1_ratio"": 0.2796398294821296, ""cv"": 5, ""max_iter"": 1000, ""fill_strategy"": ""mean""}",120,287,287,40,7,287,7,287,0.0120979000583603,11.41,123,factor_analysis,"{""n_components"": 7}",success,3,80,expanding,COMPLETE
126,0.013334236640221635,2026-04-21 22:04:29.188969,2026-04-21 22:04:46.164117,0 days 00:00:16.975148,,,,5.0,mean,0.12843220084713694,1000.0,,,0.08273089836750243,,,,,,,,,,elasticnet,,lasso,1,60,,,common_frequency,0.008319198161745093,172.21702064608394,elasticnet,"{""l1_ratio"": 0.12843220084713694, ""cv"": 5, ""max_iter"": 1000, ""fill_strategy"": ""mean""}",120,287,287,120,5,287,5,287,0.013334236640221635,13.67,123,lasso,"{""alpha"": 0.08273089836750243}",success,1,60,expanding,COMPLETE
127,0.010886946668423603,2026-04-21 22:04:46.301724,2026-04-21 22:05:40.576936,0 days 00:00:54.275212,,,,5.0,median,0.3537260273470623,5000.0,,,,,,,,,,,,,elasticnet,,none,1,60,,,common_frequency,0.006585392109660196,135.8829561710535,elasticnet,"{""l1_ratio"": 0.3537260273470623, ""cv"": 5, ""max_iter"": 5000, ""fill_strategy"": ""median""}",120,287,287,120,287,287,287,287,0.010886946668423603,51.15,123,none,{},success,1,60,expanding,COMPLETE
128,0.010823945148432892,2026-04-21 22:05:40.720383,2026-04-21 22:06:37.683683,0 days 00:00:56.963300,,,,5.0,mean,0.25910710072021126,1000.0,,,,,,,,,,,,,elasticnet,,variance_filter,1,120,1.7080606876216184e-05,,common_frequency,0.006645627649599567,138.02491069952762,elasticnet,"{""l1_ratio"": 0.25910710072021126, ""cv"": 5, ""max_iter"": 1000, ""fill_strategy"": ""mean""}",120,287,287,120,256,287,256,287,0.010823945148432892,53.67,123,variance_filter,"{""threshold"": 1.7080606876216184e-05}",success,1,120,expanding,COMPLETE
129,0.009886028076979424,2026-04-21 22:06:37.806163,2026-04-21 22:07:11.466359,0 days 00:00:33.660196,,,,,,,,,76.0,,0.005447739422091827,0.8507112664020534,0.015796790454251152,0.01223060068208349,5.0,23.0,349.0,35.0,0.5002543469190593,lightgbm,,fast_screen,1,60,,,common_frequency,0.00589343395163073,74.65741817032936,lightgbm,"{""n_estimators"": 349, ""learning_rate"": 0.01223060068208349, ""num_leaves"": 35, ""max_depth"": 5, ""min_child_samples"": 23, ""subsample"": 0.5002543469190593, ""colsample_bytree"": 0.8507112664020534, ""reg_alpha"": 0.005447739422091827, ""reg_lambda"": 0.015796790454251152}",120,287,287,120,76,287,76,287,0.009886028076979424,29.83,123,fast_screen,"{""top_n"": 76}",success,1,60,expanding,COMPLETE
130,0.011447776074283187,2026-04-21 22:07:11.595606,2026-04-21 22:07:28.203001,0 days 00:00:16.607395,,,,3.0,mean,0.1863023054273204,2000.0,,,,,,,,,,,,,elasticnet,,variance_filter,3,60,7.625198736780596e-06,,common_frequency,0.007270888205311838,151.65038716460023,elasticnet,"{""l1_ratio"": 0.1863023054273204, ""cv"": 3, ""max_iter"": 2000, ""fill_strategy"": ""mean""}",120,287,287,40,272,287,272,287,0.011447776074283187,13.22,123,variance_filter,"{""threshold"": 7.625198736780596e-06}",success,3,60,expanding,COMPLETE
131,0.010713677467966263,2026-04-21 22:07:28.371103,2026-04-21 22:08:26.981408,0 days 00:00:58.610305,,,,5.0,mean,0.7032535669538564,1000.0,,,,,,,,,,,,,elasticnet,,variance_filter,1,60,1.0399731808323877e-06,,common_frequency,0.006332145845422718,131.42047528390924,elasticnet,"{""l1_ratio"": 0.7032535669538564, ""cv"": 5, ""max_iter"": 1000, ""fill_strategy"": ""mean""}",120,287,287,120,287,287,287,287,0.010713677467966263,55.27,123,variance_filter,"{""threshold"": 1.0399731808323877e-06}",success,1,60,expanding,COMPLETE
132,0.010714986152913794,2026-04-21 22:08:27.114698,2026-04-21 22:09:26.509883,0 days 00:00:59.395185,,,,5.0,mean,0.6655549225393823,1000.0,,,,,,,,,,,,,elasticnet,,variance_filter,1,60,1.5944920499759893e-06,,common_frequency,0.00633313506540122,131.46566387512402,elasticnet,"{""l1_ratio"": 0.6655549225393823, ""cv"": 5, ""max_iter"": 1000, ""fill_strategy"": ""mean""}",120,287,287,120,287,287,287,287,0.010714986152913794,56.12,123,variance_filter,"{""threshold"": 1.5944920499759893e-06}",success,1,60,expanding,COMPLETE
133,0.010727591438466196,2026-04-21 22:09:26.645077,2026-04-21 22:10:25.232255,0 days 00:00:58.587178,,,,5.0,mean,0.7526403218416772,1000.0,,,,,,,,,,,,,elasticnet,,variance_filter,1,60,3.6663996311384825e-06,,common_frequency,0.006365076677736757,131.4615703166193,elasticnet,"{""l1_ratio"": 0.7526403218416772, ""cv"": 5, ""max_iter"": 1000, ""fill_strategy"": ""mean""}",120,287,287,120,282,287,282,287,0.010727591438466196,55.31,123,variance_filter,"{""threshold"": 3.6663996311384825e-06}",success,1,60,expanding,COMPLETE
134,0.010732197844776348,2026-04-21 22:10:25.363164,2026-04-21 22:11:23.404699,0 days 00:00:58.041535,,,,5.0,mean,0.23078490893280929,1000.0,,,,,,,,,,,,,elasticnet,,variance_filter,1,60,2.328236126712525e-06,,common_frequency,0.006377480979878211,131.81946556663723,elasticnet,"{""l1_ratio"": 0.23078490893280929, ""cv"": 5, ""max_iter"": 1000, ""fill_strategy"": ""mean""}",120,287,287,120,286,287,286,287,0.010732197844776348,54.68,123,variance_filter,"{""threshold"": 2.328236126712525e-06}",success,1,60,expanding,COMPLETE
135,0.011322457071128562,2026-04-21 22:11:23.534227,2026-04-21 22:11:53.877467,0 days 00:00:30.343240,,,,5.0,mean,0.6703797943550661,1000.0,,,,,,,,,,,,,elasticnet,13.0,pca,1,60,,,common_frequency,0.007970184627459583,154.65802195862312,elasticnet,"{""l1_ratio"": 0.6703797943550661, ""cv"": 5, ""max_iter"": 1000, ""fill_strategy"": ""mean""}",120,287,287,120,13,287,13,287,0.011322457071128562,27.05,123,pca,"{""n_components"": 13}",success,1,60,expanding,COMPLETE
136,0.010714510390687023,2026-04-21 22:11:54.053503,2026-04-21 22:12:52.652460,0 days 00:00:58.598957,,,,5.0,mean,0.6922732432973723,1000.0,,,,,,,,,,,,,elasticnet,,variance_filter,1,60,1.4148421030307686e-06,,common_frequency,0.006332812920312214,131.46190835941684,elasticnet,"{""l1_ratio"": 0.6922732432973723, ""cv"": 5, ""max_iter"": 1000, ""fill_strategy"": ""mean""}",120,287,287,120,287,287,287,287,0.010714510390687023,55.2,123,variance_filter,"{""threshold"": 1.4148421030307686e-06}",success,1,60,expanding,COMPLETE
137,0.010723674994175585,2026-04-21 22:12:52.807884,2026-04-21 22:13:52.251446,0 days 00:00:59.443562,,,,5.0,mean,0.32716490346666915,1000.0,,,,,,,,,,,,,elasticnet,,variance_filter,1,80,1.8896760722246227e-06,,common_frequency,0.006337253195789772,131.38505919759714,elasticnet,"{""l1_ratio"": 0.32716490346666915, ""cv"": 5, ""max_iter"": 1000, ""fill_strategy"": ""mean""}",120,287,287,120,287,287,287,287,0.010723674994175585,56.03,123,variance_filter,"{""threshold"": 1.8896760722246227e-06}",success,1,80,expanding,COMPLETE
138,0.010725276752117532,2026-04-21 22:13:52.385757,2026-04-21 22:14:45.409050,0 days 00:00:53.023293,,,,5.0,mean,0.3077346235628948,2000.0,,,,,,,,,,,,,elasticnet,,none,1,60,,,common_frequency,0.006338463341202943,131.40099551738396,elasticnet,"{""l1_ratio"": 0.3077346235628948, ""cv"": 5, ""max_iter"": 2000, ""fill_strategy"": ""mean""}",120,287,287,120,287,287,287,287,0.010725276752117532,49.6,123,none,{},success,1,60,expanding,COMPLETE
139,0.01072549412338629,2026-04-21 22:14:45.555050,2026-04-21 22:15:44.802434,0 days 00:00:59.247384,,,,5.0,mean,0.29599624984351597,1000.0,,,,,,,,,,,,,elasticnet,,variance_filter,1,60,1.0687846155615897e-06,,common_frequency,0.006338400416467398,131.37922515604114,elasticnet,"{""l1_ratio"": 0.29599624984351597, ""cv"": 5, ""max_iter"": 1000, ""fill_strategy"": ""mean""}",120,287,287,120,287,287,287,287,0.01072549412338629,55.82,123,variance_filter,"{""threshold"": 1.0687846155615897e-06}",success,1,60,expanding,COMPLETE
140,0.010738544716732254,2026-04-21 22:15:44.932205,2026-04-21 22:16:06.374914,0 days 00:00:21.442709,,,,5.0,mean,0.21576774888469114,1000.0,,,,,,,,,,,,,elasticnet,,variance_filter,3,100,2.890552103479781e-06,,common_frequency,0.006390059981987222,131.71774561028087,elasticnet,"{""l1_ratio"": 0.21576774888469114, ""cv"": 5, ""max_iter"": 1000, ""fill_strategy"": ""mean""}",120,287,287,40,284,287,284,287,0.010738544716732254,18.06,123,variance_filter,"{""threshold"": 2.890552103479781e-06}",success,3,100,expanding,COMPLETE
141,0.010716731834840777,2026-04-21 22:16:06.552045,2026-04-21 22:16:26.563231,0 days 00:00:20.011186,,,,5.0,mean,0.5875262319081185,2000.0,,,,,,,,,,,,,elasticnet,,none,3,80,,,common_frequency,0.006334444335256244,131.48645585695857,elasticnet,"{""l1_ratio"": 0.5875262319081185, ""cv"": 5, ""max_iter"": 2000, ""fill_strategy"": ""mean""}",120,287,287,40,287,287,287,287,0.010716731834840777,16.74,123,none,{},success,3,80,expanding,COMPLETE
142,0.010712280749412438,2026-04-21 22:16:26.704421,2026-04-21 22:16:45.712662,0 days 00:00:19.008241,,,,5.0,mean,0.8526117435594268,2000.0,,,,,,,,,,,,,elasticnet,,none,3,80,,,common_frequency,0.006331204999703491,131.4421009410482,elasticnet,"{""l1_ratio"": 0.8526117435594268, ""cv"": 5, ""max_iter"": 2000, ""fill_strategy"": ""mean""}",120,287,287,40,287,287,287,287,0.010712280749412438,15.65,123,none,{},success,3,80,expanding,COMPLETE
143,0.010712768273826325,2026-04-21 22:16:45.850161,2026-04-21 22:17:04.800818,0 days 00:00:18.950657,,,,5.0,mean,0.8099137054311867,2000.0,,,,,,,,,,,,,elasticnet,,none,3,80,,,common_frequency,0.006331540428808001,131.44627799171525,elasticnet,"{""l1_ratio"": 0.8099137054311867, ""cv"": 5, ""max_iter"": 2000, ""fill_strategy"": ""mean""}",120,287,287,40,287,287,287,287,0.010712768273826325,15.59,123,none,{},success,3,80,expanding,COMPLETE
144,0.013336847958125248,2026-04-21 22:17:04.928852,2026-04-21 22:17:13.468218,0 days 00:00:08.539366,,0.019242636175033474,0.6610573951627945,5.0,mean,0.8256115961983087,2000.0,,,,,,,,,,,,,elasticnet,,elasticnet,3,80,,,common_frequency,0.008322113721744915,172.2962358840565,elasticnet,"{""l1_ratio"": 0.8256115961983087, ""cv"": 5, ""max_iter"": 2000, ""fill_strategy"": ""mean""}",120,287,287,40,5,287,5,287,0.013336847958125248,4.92,123,elasticnet,"{""alpha"": 0.019242636175033474, ""l1_ratio"": 0.6610573951627945}",success,3,80,expanding,COMPLETE
145,0.007423521690745188,2026-04-21 22:17:13.603370,2026-04-21 22:18:36.929252,0 days 00:01:23.325882,,,,5.0,zero,0.7623463355420873,1000.0,,98.0,,,,,,,,,,,elasticnet,,fast_screen,1,60,,,common_frequency,0.0049071960894170735,96.14707294570819,elasticnet,"{""l1_ratio"": 0.7623463355420873, ""cv"": 5, ""max_iter"": 1000, ""fill_strategy"": ""zero""}",120,287,287,120,98,287,98,287,0.007423521690745188,79.77,123,fast_screen,"{""top_n"": 98}",success,1,60,expanding,COMPLETE
146,0.010709573198617203,2026-04-21 22:18:37.099115,2026-04-21 22:19:31.187676,0 days 00:00:54.088561,,,,5.0,mean,0.8903920486962311,1000.0,,,,,,,,,,,,,elasticnet,,variance_filter,1,60,1.237069703194829e-06,,common_frequency,0.006328986154556742,131.29576958421453,elasticnet,"{""l1_ratio"": 0.8903920486962311, ""cv"": 5, ""max_iter"": 1000, ""fill_strategy"": ""mean""}",120,287,287,120,287,287,287,287,0.010709573198617203,50.65,123,variance_filter,"{""threshold"": 1.237069703194829e-06}",success,1,60,expanding,COMPLETE
147,0.010715636812787125,2026-04-21 22:19:31.334015,2026-04-21 22:20:25.888789,0 days 00:00:54.554774,,,,5.0,mean,0.540299782033187,2000.0,,,,,,,,,,,,,elasticnet,,none,1,80,,,common_frequency,0.0063334322704783255,131.35187144681234,elasticnet,"{""l1_ratio"": 0.540299782033187, ""cv"": 5, ""max_iter"": 2000, ""fill_strategy"": ""mean""}",120,287,287,120,287,287,287,287,0.010715636812787125,50.62,123,none,{},success,1,80,expanding,COMPLETE
148,0.01468214020364207,2026-04-21 22:20:26.029193,2026-04-21 22:20:33.464826,0 days 00:00:07.435633,,,,,,,,,,,0.0004920694784786616,0.7668118768537162,0.002304564123313673,0.18766623278284453,10.0,41.0,428.0,56.0,0.6142728629831411,lightgbm,,variance_filter,3,60,0.00010650173427715414,,common_frequency,0.009397186368604569,176.6231797792478,lightgbm,"{""n_estimators"": 428, ""learning_rate"": 0.18766623278284453, ""num_leaves"": 56, ""max_depth"": 10, ""min_child_samples"": 41, ""subsample"": 0.6142728629831411, ""colsample_bytree"": 0.7668118768537162, ""reg_alpha"": 0.0004920694784786616, ""reg_lambda"": 0.002304564123313673}",120,287,287,40,230,287,230,287,0.01468214020364207,3.6,123,variance_filter,"{""threshold"": 0.00010650173427715414}",success,3,60,expanding,COMPLETE
149,0.010655939647698663,2026-04-21 22:20:33.597760,2026-04-21 22:21:32.708962,0 days 00:00:59.111202,,,,5.0,median,0.28169846758075545,5000.0,,,,,,,,,,,,,elasticnet,,variance_filter,1,60,5.919198980611273e-06,,common_frequency,0.00629007577841581,128.20458627715277,elasticnet,"{""l1_ratio"": 0.28169846758075545, ""cv"": 5, ""max_iter"": 5000, ""fill_strategy"": ""median""}",120,287,287,120,276,287,276,287,0.010655939647698663,55.7,123,variance_filter,"{""threshold"": 5.919198980611273e-06}",success,1,60,expanding,COMPLETE
