number,value,datetime_start,datetime_complete,duration,params_fill_strategy,params_freq_ratio,params_n_lags,params_reg_enet_l1,params_regression_model,params_selector,params_step_size,params_train_window,user_attrs_error_message,user_attrs_eval_mode,user_attrs_fill_strategy,user_attrs_freq_ratio,user_attrs_lf_freq,user_attrs_mae,user_attrs_mape,user_attrs_model,user_attrs_n_eval_points,user_attrs_n_features_input,user_attrs_n_features_used,user_attrs_n_folds,user_attrs_n_lags,user_attrs_n_model_used_vars,user_attrs_n_raw_features,user_attrs_n_sel_features,user_attrs_n_trans_features,user_attrs_regression_model,user_attrs_regression_params,user_attrs_rmse,user_attrs_runtime_sec,user_attrs_seed,user_attrs_selector_method,user_attrs_selector_params,user_attrs_status,user_attrs_step_size,user_attrs_train_window,user_attrs_window_type,state
0,,2026-04-21 11:04:27.353255,2026-04-21 11:04:38.741202,0 days 00:00:11.387947,ffill_then_zero,auto,6,,lasso,none,1,80,,,,,,,,MIDAS,,,,,,,,,,,,,,,none,,,,,,FAIL
1,,2026-04-21 11:04:27.356259,2026-04-21 11:04:33.171713,0 days 00:00:05.815454,ffill_then_zero,auto,4,,lasso,none,3,60,Backtester returned empty DataFrame,mixed_frequency,ffill_then_zero,auto,QE,,,MIDAS,,145.0,,,4.0,,,,,lasso,{},,0.0,123.0,none,{},failed,3.0,60.0,expanding,PRUNED
2,,2026-04-21 11:04:27.470007,2026-04-21 11:04:36.032560,0 days 00:00:08.562553,zero,auto,4,,ridge,none,3,100,,,,,,,,,,,,,,,,,,,,,,,,,,,,,FAIL
3,,2026-04-21 11:04:27.723490,2026-04-21 11:04:37.097836,0 days 00:00:09.374346,zero,auto,4,0.29717233967224677,elasticnet,none,3,100,Backtester returned empty DataFrame,mixed_frequency,zero,auto,QE,,,MIDAS,,145.0,,,4.0,,,,,elasticnet,"{""l1_ratio"": 0.29717233967224677}",,0.0,123.0,none,{},failed,3.0,100.0,expanding,PRUNED
4,,2026-04-21 11:04:33.292018,2026-04-21 11:04:42.290954,0 days 00:00:08.998936,zero,auto,11,,lasso,none,3,60,Backtester returned empty DataFrame,mixed_frequency,zero,auto,QE,,,MIDAS,,145.0,,,11.0,,,,,lasso,{},,0.0,123.0,none,{},failed,3.0,60.0,expanding,PRUNED
5,,2026-04-21 11:04:37.214986,2026-04-21 11:04:42.171421,0 days 00:00:04.956435,zero,auto,8,,linear,none,1,120,Backtester returned empty DataFrame,mixed_frequency,zero,auto,QE,,,MIDAS,,145.0,,,8.0,,,,,linear,{},,0.0,123.0,none,{},failed,1.0,120.0,expanding,PRUNED
6,,2026-04-21 11:04:42.050207,2026-04-21 11:04:46.973213,0 days 00:00:04.923006,zero,auto,2,,linear,none,3,60,Backtester returned empty DataFrame,mixed_frequency,zero,auto,QE,,,MIDAS,,145.0,,,2.0,,,,,linear,{},,0.0,123.0,none,{},failed,3.0,60.0,expanding,PRUNED
7,,2026-04-21 11:04:42.568050,2026-04-21 11:04:55.396501,0 days 00:00:12.828451,mean,auto,11,0.40508381143453964,elasticnet,none,1,100,Backtester returned empty DataFrame,mixed_frequency,mean,auto,QE,,,MIDAS,,145.0,,,11.0,,,,,elasticnet,"{""l1_ratio"": 0.40508381143453964}",,0.0,123.0,none,{},failed,1.0,100.0,expanding,PRUNED
8,,2026-04-21 11:04:42.953089,2026-04-21 11:04:55.395739,0 days 00:00:12.442650,zero,auto,11,,ridge,none,1,60,Backtester returned empty DataFrame,mixed_frequency,zero,auto,QE,,,MIDAS,,145.0,,,11.0,,,,,ridge,{},,0.0,123.0,none,{},failed,1.0,60.0,expanding,PRUNED
9,,2026-04-21 11:04:42.732175,2026-04-21 11:04:55.742881,0 days 00:00:13.010706,mean,auto,1,,lasso,none,3,80,Backtester returned empty DataFrame,mixed_frequency,mean,auto,QE,,,MIDAS,,145.0,,,1.0,,,,,lasso,{},,0.0,123.0,none,{},failed,3.0,80.0,expanding,PRUNED
10,,2026-04-21 11:04:55.379715,,,mean,auto,8,,ridge,none,1,120,Backtester returned empty DataFrame,mixed_frequency,mean,auto,QE,,,MIDAS,,145.0,,,8.0,,,,,ridge,{},,0.0,123.0,none,{},failed,1.0,120.0,expanding,RUNNING
11,,2026-04-21 11:04:56.038937,2026-04-21 11:05:11.392634,0 days 00:00:15.353697,ffill_then_zero,auto,11,,lasso,none,3,80,Backtester returned empty DataFrame,mixed_frequency,ffill_then_zero,auto,QE,,,MIDAS,,145.0,,,11.0,,,,,lasso,{},,0.0,123.0,none,{},failed,3.0,80.0,expanding,PRUNED
12,,2026-04-21 11:04:56.256738,2026-04-21 11:05:05.192829,0 days 00:00:08.936091,zero,auto,11,,ridge,none,1,60,Backtester returned empty DataFrame,mixed_frequency,zero,auto,QE,,,MIDAS,,145.0,,,11.0,,,,,ridge,{},,0.0,123.0,none,{},failed,1.0,60.0,expanding,PRUNED
13,,2026-04-21 11:04:56.380095,2026-04-21 11:05:11.703336,0 days 00:00:15.323241,mean,auto,4,,lasso,none,3,100,Backtester returned empty DataFrame,mixed_frequency,mean,auto,QE,,,MIDAS,,145.0,,,4.0,,,,,lasso,{},,0.0,123.0,none,{},failed,3.0,100.0,expanding,PRUNED
14,,2026-04-21 11:05:07.245856,2026-04-21 11:05:10.535980,0 days 00:00:03.290124,mean,auto,3,,linear,none,1,80,Backtester returned empty DataFrame,mixed_frequency,mean,auto,QE,,,MIDAS,,145.0,,,3.0,,,,,linear,{},,0.0,123.0,none,{},failed,1.0,80.0,expanding,PRUNED
15,,2026-04-21 11:09:25.603889,2026-04-21 11:09:28.923743,0 days 00:00:03.319854,ffill_then_zero,auto,5,0.11059099777955195,elasticnet,none,3,100,Backtester returned empty DataFrame,mixed_frequency,ffill_then_zero,auto,QE,,,MIDAS,,145.0,,,5.0,,,,,elasticnet,"{""l1_ratio"": 0.11059099777955195}",,0.0,123.0,none,{},failed,3.0,100.0,expanding,PRUNED
16,,2026-04-21 11:09:29.085100,2026-04-21 11:09:32.369187,0 days 00:00:03.284087,ffill_then_zero,auto,7,0.7437436248914133,elasticnet,none,3,120,Backtester returned empty DataFrame,mixed_frequency,ffill_then_zero,auto,QE,,,MIDAS,,145.0,,,7.0,,,,,elasticnet,"{""l1_ratio"": 0.7437436248914133}",,0.0,123.0,none,{},failed,3.0,120.0,expanding,PRUNED
17,,2026-04-21 11:09:32.496975,2026-04-21 11:09:35.703260,0 days 00:00:03.206285,ffill_then_zero,auto,5,0.28854805340351664,elasticnet,none,3,100,Backtester returned empty DataFrame,mixed_frequency,ffill_then_zero,auto,QE,,,MIDAS,,145.0,,,5.0,,,,,elasticnet,"{""l1_ratio"": 0.28854805340351664}",,0.0,123.0,none,{},failed,3.0,100.0,expanding,PRUNED
18,,2026-04-21 11:09:35.825769,2026-04-21 11:09:38.839694,0 days 00:00:03.013925,ffill_then_zero,auto,6,,lasso,none,3,60,Backtester returned empty DataFrame,mixed_frequency,ffill_then_zero,auto,QE,,,MIDAS,,145.0,,,6.0,,,,,lasso,{},,0.0,123.0,none,{},failed,3.0,60.0,expanding,PRUNED
19,,2026-04-21 11:09:38.953092,2026-04-21 11:09:42.084251,0 days 00:00:03.131159,zero,auto,8,0.6216869842146004,elasticnet,none,3,100,Backtester returned empty DataFrame,mixed_frequency,zero,auto,QE,,,MIDAS,,145.0,,,8.0,,,,,elasticnet,"{""l1_ratio"": 0.6216869842146004}",,0.0,123.0,none,{},failed,3.0,100.0,expanding,PRUNED
20,,2026-04-21 11:09:42.207484,2026-04-21 11:09:45.350326,0 days 00:00:03.142842,ffill_then_zero,auto,3,,ridge,none,3,120,Backtester returned empty DataFrame,mixed_frequency,ffill_then_zero,auto,QE,,,MIDAS,,145.0,,,3.0,,,,,ridge,{},,0.0,123.0,none,{},failed,3.0,120.0,expanding,PRUNED
21,,2026-04-21 11:09:45.578081,2026-04-21 11:09:48.847625,0 days 00:00:03.269544,zero,auto,1,0.2444633830178455,elasticnet,none,3,100,Backtester returned empty DataFrame,mixed_frequency,zero,auto,QE,,,MIDAS,,145.0,,,1.0,,,,,elasticnet,"{""l1_ratio"": 0.2444633830178455}",,0.0,123.0,none,{},failed,3.0,100.0,expanding,PRUNED
22,,2026-04-21 11:09:48.971732,2026-04-21 11:09:49.792654,0 days 00:00:00.820922,ffill_then_zero,auto,4,,lasso,none,3,60,,,,,,,,,,,,,,,,,,,,,,,,,,,,,FAIL
23,0.013370937474440186,2026-04-21 16:33:39.107143,2026-04-21 16:34:12.409697,0 days 00:00:33.302554,ffill_then_zero,auto,4,,lasso,none,3,60,,mixed_frequency,ffill_then_zero,auto,QE,0.008573629207306172,198.03838030117063,MIDAS,43.0,145.0,145.0,15.0,4.0,145.0,145.0,145.0,145.0,lasso,{},0.013370937474440186,29.69,123.0,none,{},success,3.0,60.0,expanding,COMPLETE
24,0.012604066269221021,2026-04-21 16:34:12.543168,2026-04-21 16:35:28.523714,0 days 00:01:15.980546,ffill_then_zero,auto,9,,lasso,none,3,60,,mixed_frequency,ffill_then_zero,auto,QE,0.008056633257351193,177.20227834642938,MIDAS,43.0,145.0,145.0,15.0,9.0,145.0,145.0,145.0,145.0,lasso,{},0.012604066269221021,72.47,123.0,none,{},success,3.0,60.0,expanding,COMPLETE
25,0.012604066269221021,2026-04-21 16:35:28.657092,2026-04-21 16:36:44.628637,0 days 00:01:15.971545,ffill_then_zero,auto,9,,lasso,none,3,60,,mixed_frequency,ffill_then_zero,auto,QE,0.008056633257351193,177.20227834642938,MIDAS,43.0,145.0,145.0,15.0,9.0,145.0,145.0,145.0,145.0,lasso,{},0.012604066269221021,72.35,123.0,none,{},success,3.0,60.0,expanding,COMPLETE
26,0.012604066269221021,2026-04-21 16:36:44.814566,2026-04-21 16:38:01.040645,0 days 00:01:16.226079,ffill_then_zero,auto,9,,lasso,none,3,60,,mixed_frequency,ffill_then_zero,auto,QE,0.008056633257351193,177.20227834642938,MIDAS,43.0,145.0,145.0,15.0,9.0,145.0,145.0,145.0,145.0,lasso,{},0.012604066269221021,72.62,123.0,none,{},success,3.0,60.0,expanding,COMPLETE
27,0.012604066269221021,2026-04-21 16:38:01.168483,2026-04-21 16:39:17.026254,0 days 00:01:15.857771,ffill_then_zero,auto,9,,lasso,none,3,60,,mixed_frequency,ffill_then_zero,auto,QE,0.008056633257351193,177.20227834642938,MIDAS,43.0,145.0,145.0,15.0,9.0,145.0,145.0,145.0,145.0,lasso,{},0.012604066269221021,72.34,123.0,none,{},success,3.0,60.0,expanding,COMPLETE
28,0.012604066269221021,2026-04-21 16:39:17.158568,2026-04-21 16:40:33.185341,0 days 00:01:16.026773,ffill_then_zero,auto,9,,lasso,none,3,60,,mixed_frequency,ffill_then_zero,auto,QE,0.008056633257351193,177.20227834642938,MIDAS,43.0,145.0,145.0,15.0,9.0,145.0,145.0,145.0,145.0,lasso,{},0.012604066269221021,72.5,123.0,none,{},success,3.0,60.0,expanding,COMPLETE
29,0.012604066269221021,2026-04-21 16:40:33.305238,2026-04-21 16:41:49.138469,0 days 00:01:15.833231,ffill_then_zero,auto,9,,lasso,none,3,60,,mixed_frequency,ffill_then_zero,auto,QE,0.008056633257351193,177.20227834642938,MIDAS,43.0,145.0,145.0,15.0,9.0,145.0,145.0,145.0,145.0,lasso,{},0.012604066269221021,72.33,123.0,none,{},success,3.0,60.0,expanding,COMPLETE
30,0.012349016684395068,2026-04-21 16:41:49.259552,2026-04-21 16:45:33.188877,0 days 00:03:43.929325,ffill_then_zero,auto,10,,lasso,none,1,60,,mixed_frequency,ffill_then_zero,auto,QE,0.007980656016431305,175.63451150109356,MIDAS,43.0,145.0,145.0,43.0,10.0,145.0,145.0,145.0,145.0,lasso,{},0.012349016684395068,220.38,123.0,none,{},success,1.0,60.0,expanding,COMPLETE
31,0.012349016684395068,2026-04-21 16:45:33.362317,2026-04-21 16:49:20.949330,0 days 00:03:47.587013,ffill_then_zero,auto,10,,lasso,none,1,60,,mixed_frequency,ffill_then_zero,auto,QE,0.007980656016431305,175.63451150109356,MIDAS,43.0,145.0,145.0,43.0,10.0,145.0,145.0,145.0,145.0,lasso,{},0.012349016684395068,224.06,123.0,none,{},success,1.0,60.0,expanding,COMPLETE
32,0.01233829488185179,2026-04-21 16:49:21.077673,2026-04-21 16:53:41.398488,0 days 00:04:20.320815,ffill_then_zero,auto,12,,lasso,none,1,60,,mixed_frequency,ffill_then_zero,auto,QE,0.007981638162131764,174.3558112154979,MIDAS,43.0,145.0,145.0,43.0,12.0,145.0,145.0,145.0,145.0,lasso,{},0.01233829488185179,256.74,123.0,none,{},success,1.0,60.0,expanding,COMPLETE
33,0.01233829488185179,2026-04-21 16:53:41.529176,2026-04-21 16:58:02.440064,0 days 00:04:20.910888,ffill_then_zero,auto,12,,lasso,none,1,60,,mixed_frequency,ffill_then_zero,auto,QE,0.007981638162131764,174.3558112154979,MIDAS,43.0,145.0,145.0,43.0,12.0,145.0,145.0,145.0,145.0,lasso,{},0.01233829488185179,257.4,123.0,none,{},success,1.0,60.0,expanding,COMPLETE
34,0.01233829488185179,2026-04-21 16:58:02.574314,2026-04-21 17:02:23.608747,0 days 00:04:21.034433,ffill_then_zero,auto,12,,lasso,none,1,60,,mixed_frequency,ffill_then_zero,auto,QE,0.007981638162131764,174.3558112154979,MIDAS,43.0,145.0,145.0,43.0,12.0,145.0,145.0,145.0,145.0,lasso,{},0.01233829488185179,257.43,123.0,none,{},success,1.0,60.0,expanding,COMPLETE
35,0.01233829488185179,2026-04-21 17:02:23.738336,2026-04-21 17:06:50.114367,0 days 00:04:26.376031,ffill_then_zero,auto,12,,lasso,none,1,60,,mixed_frequency,ffill_then_zero,auto,QE,0.007981638162131764,174.3558112154979,MIDAS,43.0,145.0,145.0,43.0,12.0,145.0,145.0,145.0,145.0,lasso,{},0.01233829488185179,262.83,123.0,none,{},success,1.0,60.0,expanding,COMPLETE
36,0.01233829488185179,2026-04-21 17:06:50.276207,2026-04-21 17:11:11.854767,0 days 00:04:21.578560,ffill_then_zero,auto,12,,lasso,none,1,60,,mixed_frequency,ffill_then_zero,auto,QE,0.007981638162131764,174.3558112154979,MIDAS,43.0,145.0,145.0,43.0,12.0,145.0,145.0,145.0,145.0,lasso,{},0.01233829488185179,258.01,123.0,none,{},success,1.0,60.0,expanding,COMPLETE
37,0.01233829488185179,2026-04-21 17:11:11.980938,2026-04-21 17:15:32.158830,0 days 00:04:20.177892,ffill_then_zero,auto,12,,lasso,none,1,60,,mixed_frequency,ffill_then_zero,auto,QE,0.007981638162131764,174.3558112154979,MIDAS,43.0,145.0,145.0,43.0,12.0,145.0,145.0,145.0,145.0,lasso,{},0.01233829488185179,256.66,123.0,none,{},success,1.0,60.0,expanding,COMPLETE
38,,2026-04-21 17:15:32.280342,2026-04-21 17:15:35.353372,0 days 00:00:03.073030,ffill_then_zero,auto,12,,linear,none,1,120,Backtester returned empty DataFrame,mixed_frequency,ffill_then_zero,auto,QE,,,MIDAS,,145.0,,,12.0,,,,,linear,{},,0.0,123.0,none,{},failed,1.0,120.0,expanding,PRUNED
39,0.01233829488185179,2026-04-21 17:15:35.468537,2026-04-21 17:19:57.315249,0 days 00:04:21.846712,ffill_then_zero,auto,12,,lasso,none,1,60,,mixed_frequency,ffill_then_zero,auto,QE,0.007981638162131764,174.3558112154979,MIDAS,43.0,145.0,145.0,43.0,12.0,145.0,145.0,145.0,145.0,lasso,{},0.01233829488185179,258.35,123.0,none,{},success,1.0,60.0,expanding,COMPLETE
40,0.011964988333663022,2026-04-21 17:19:57.448405,2026-04-21 17:20:12.273445,0 days 00:00:14.825040,ffill_then_zero,auto,10,,ridge,none,1,60,,mixed_frequency,ffill_then_zero,auto,QE,0.007786337645464159,151.22064927413575,MIDAS,43.0,145.0,145.0,43.0,10.0,145.0,145.0,145.0,145.0,ridge,{},0.011964988333663022,11.22,123.0,none,{},success,1.0,60.0,expanding,COMPLETE
41,0.015087607795210026,2026-04-21 17:20:12.464635,2026-04-21 17:21:10.362230,0 days 00:00:57.897595,mean,auto,10,,ridge,none,1,80,,mixed_frequency,mean,auto,QE,0.010031822905041699,102.28824308871671,MIDAS,23.0,145.0,145.0,23.0,10.0,145.0,145.0,145.0,145.0,ridge,{},0.015087607795210026,54.35,123.0,none,{},success,1.0,80.0,expanding,COMPLETE
42,0.012043496482575727,2026-04-21 17:21:10.482395,2026-04-21 17:21:27.326732,0 days 00:00:16.844337,ffill_then_zero,auto,11,,ridge,none,1,60,,mixed_frequency,ffill_then_zero,auto,QE,0.007786163628924025,154.2269403046395,MIDAS,43.0,145.0,145.0,43.0,11.0,145.0,145.0,145.0,145.0,ridge,{},0.012043496482575727,13.36,123.0,none,{},success,1.0,60.0,expanding,COMPLETE
43,0.011964988333663022,2026-04-21 17:21:27.448650,2026-04-21 17:21:43.265686,0 days 00:00:15.817036,ffill_then_zero,auto,10,,ridge,none,1,60,,mixed_frequency,ffill_then_zero,auto,QE,0.007786337645464159,151.22064927413575,MIDAS,43.0,145.0,145.0,43.0,10.0,145.0,145.0,145.0,145.0,ridge,{},0.011964988333663022,12.32,123.0,none,{},success,1.0,60.0,expanding,COMPLETE
44,,2026-04-21 17:21:43.391339,2026-04-21 17:21:46.465561,0 days 00:00:03.074222,mean,auto,10,,ridge,none,1,120,Backtester returned empty DataFrame,mixed_frequency,mean,auto,QE,,,MIDAS,,145.0,,,10.0,,,,,ridge,{},,0.0,123.0,none,{},failed,1.0,120.0,expanding,PRUNED
45,0.012043496482575727,2026-04-21 17:21:46.575176,2026-04-21 17:22:03.319533,0 days 00:00:16.744357,ffill_then_zero,auto,11,,ridge,none,1,60,,mixed_frequency,ffill_then_zero,auto,QE,0.007786163628924025,154.2269403046395,MIDAS,43.0,145.0,145.0,43.0,11.0,145.0,145.0,145.0,145.0,ridge,{},0.012043496482575727,13.17,123.0,none,{},success,1.0,60.0,expanding,COMPLETE
46,0.012043496482575727,2026-04-21 17:22:03.475220,2026-04-21 17:22:20.050649,0 days 00:00:16.575429,ffill_then_zero,auto,11,,ridge,none,1,60,,mixed_frequency,ffill_then_zero,auto,QE,0.007786163628924025,154.2269403046395,MIDAS,43.0,145.0,145.0,43.0,11.0,145.0,145.0,145.0,145.0,ridge,{},0.012043496482575727,13.08,123.0,none,{},success,1.0,60.0,expanding,COMPLETE
47,0.012043496482575727,2026-04-21 17:22:20.178302,2026-04-21 17:22:36.796554,0 days 00:00:16.618252,ffill_then_zero,auto,11,,ridge,none,1,60,,mixed_frequency,ffill_then_zero,auto,QE,0.007786163628924025,154.2269403046395,MIDAS,43.0,145.0,145.0,43.0,11.0,145.0,145.0,145.0,145.0,ridge,{},0.012043496482575727,13.11,123.0,none,{},success,1.0,60.0,expanding,COMPLETE
48,0.01521241197128263,2026-04-21 17:22:36.914719,2026-04-21 17:22:45.997819,0 days 00:00:09.083100,zero,auto,8,,ridge,none,1,80,,mixed_frequency,zero,auto,QE,0.009989500894268019,105.15547010425715,MIDAS,23.0,145.0,145.0,23.0,8.0,145.0,145.0,145.0,145.0,ridge,{},0.01521241197128263,5.62,123.0,none,{},success,1.0,80.0,expanding,COMPLETE
49,0.012043496482575727,2026-04-21 17:22:46.123163,2026-04-21 17:23:02.790901,0 days 00:00:16.667738,ffill_then_zero,auto,11,,ridge,none,1,60,,mixed_frequency,ffill_then_zero,auto,QE,0.007786163628924025,154.2269403046395,MIDAS,43.0,145.0,145.0,43.0,11.0,145.0,145.0,145.0,145.0,ridge,{},0.012043496482575727,13.11,123.0,none,{},success,1.0,60.0,expanding,COMPLETE
50,0.011964988333663022,2026-04-21 17:23:02.913054,2026-04-21 17:23:19.628364,0 days 00:00:16.715310,ffill_then_zero,auto,10,,ridge,none,1,60,,mixed_frequency,ffill_then_zero,auto,QE,0.007786337645464159,151.22064927413575,MIDAS,43.0,145.0,145.0,43.0,10.0,145.0,145.0,145.0,145.0,ridge,{},0.011964988333663022,12.06,123.0,none,{},success,1.0,60.0,expanding,COMPLETE
51,0.011883358267409829,2026-04-21 17:23:19.778930,2026-04-21 17:25:06.301089,0 days 00:01:46.522159,mean,auto,10,,ridge,none,1,60,,mixed_frequency,mean,auto,QE,0.007987902092045317,137.7291476317048,MIDAS,43.0,145.0,145.0,43.0,10.0,145.0,145.0,145.0,145.0,ridge,{},0.011883358267409829,103.04,123.0,none,{},success,1.0,60.0,expanding,COMPLETE
52,0.01493537167355209,2026-04-21 17:25:06.429561,2026-04-21 17:25:47.028622,0 days 00:00:40.599061,mean,auto,7,,ridge,none,1,80,,mixed_frequency,mean,auto,QE,0.009964001018975188,101.47129125436716,MIDAS,23.0,145.0,145.0,23.0,7.0,145.0,145.0,145.0,145.0,ridge,{},0.01493537167355209,37.16,123.0,none,{},success,1.0,80.0,expanding,COMPLETE
53,0.011883358267409829,2026-04-21 17:25:47.154621,2026-04-21 17:27:33.997414,0 days 00:01:46.842793,mean,auto,10,,ridge,none,1,60,,mixed_frequency,mean,auto,QE,0.007987902092045317,137.7291476317048,MIDAS,43.0,145.0,145.0,43.0,10.0,145.0,145.0,145.0,145.0,ridge,{},0.011883358267409829,103.31,123.0,none,{},success,1.0,60.0,expanding,COMPLETE
54,,2026-04-21 17:27:34.124065,2026-04-21 17:27:37.169246,0 days 00:00:03.045181,mean,auto,8,,ridge,none,1,120,Backtester returned empty DataFrame,mixed_frequency,mean,auto,QE,,,MIDAS,,145.0,,,8.0,,,,,ridge,{},,0.0,123.0,none,{},failed,1.0,120.0,expanding,PRUNED
55,0.011883358267409829,2026-04-21 17:27:37.279758,2026-04-21 17:29:24.322529,0 days 00:01:47.042771,mean,auto,10,,ridge,none,1,60,,mixed_frequency,mean,auto,QE,0.007987902092045317,137.7291476317048,MIDAS,43.0,145.0,145.0,43.0,10.0,145.0,145.0,145.0,145.0,ridge,{},0.011883358267409829,103.42,123.0,none,{},success,1.0,60.0,expanding,COMPLETE
56,0.011883358267409829,2026-04-21 17:29:24.485290,2026-04-21 17:31:08.437633,0 days 00:01:43.952343,mean,auto,10,,ridge,none,1,60,,mixed_frequency,mean,auto,QE,0.007987902092045317,137.7291476317048,MIDAS,43.0,145.0,145.0,43.0,10.0,145.0,145.0,145.0,145.0,ridge,{},0.011883358267409829,100.44,123.0,none,{},success,1.0,60.0,expanding,COMPLETE
57,0.011883358267409829,2026-04-21 17:31:08.564063,2026-04-21 17:32:54.934981,0 days 00:01:46.370918,mean,auto,10,,ridge,none,1,60,,mixed_frequency,mean,auto,QE,0.007987902092045317,137.7291476317048,MIDAS,43.0,145.0,145.0,43.0,10.0,145.0,145.0,145.0,145.0,ridge,{},0.011883358267409829,102.84,123.0,none,{},success,1.0,60.0,expanding,COMPLETE
58,0.011883358267409829,2026-04-21 17:32:55.060120,2026-04-21 17:34:41.584705,0 days 00:01:46.524585,mean,auto,10,,ridge,none,1,60,,mixed_frequency,mean,auto,QE,0.007987902092045317,137.7291476317048,MIDAS,43.0,145.0,145.0,43.0,10.0,145.0,145.0,145.0,145.0,ridge,{},0.011883358267409829,103.06,123.0,none,{},success,1.0,60.0,expanding,COMPLETE
59,0.007071533711824841,2026-04-21 17:34:41.696852,2026-04-21 17:34:51.601946,0 days 00:00:09.905094,mean,auto,9,,ridge,none,1,100,,mixed_frequency,mean,auto,QE,0.005882454232403411,82.73017768993036,MIDAS,3.0,145.0,145.0,3.0,9.0,145.0,145.0,145.0,145.0,ridge,{},0.007071533711824841,6.48,123.0,none,{},success,1.0,100.0,expanding,COMPLETE
60,0.007052233893288457,2026-04-21 17:34:51.737026,2026-04-21 17:34:59.985317,0 days 00:00:08.248291,mean,auto,7,,linear,none,1,100,,mixed_frequency,mean,auto,QE,0.005891216425626252,81.18437425429053,MIDAS,3.0,145.0,145.0,3.0,7.0,145.0,145.0,145.0,145.0,linear,{},0.007052233893288457,4.85,123.0,none,{},success,1.0,100.0,expanding,COMPLETE
61,0.007024476616838043,2026-04-21 17:35:00.151311,2026-04-21 17:35:07.738935,0 days 00:00:07.587624,mean,auto,6,,linear,none,1,100,,mixed_frequency,mean,auto,QE,0.0058214668840455746,78.67307028366545,MIDAS,3.0,145.0,145.0,3.0,6.0,145.0,145.0,145.0,145.0,linear,{},0.007024476616838043,4.11,123.0,none,{},success,1.0,100.0,expanding,COMPLETE
62,0.007024476616838043,2026-04-21 17:35:07.865445,2026-04-21 17:35:15.691435,0 days 00:00:07.825990,mean,auto,6,,linear,none,1,100,,mixed_frequency,mean,auto,QE,0.0058214668840455746,78.67307028366545,MIDAS,3.0,145.0,145.0,3.0,6.0,145.0,145.0,145.0,145.0,linear,{},0.007024476616838043,4.33,123.0,none,{},success,1.0,100.0,expanding,COMPLETE
63,0.007030648332787191,2026-04-21 17:35:15.818802,2026-04-21 17:35:22.952727,0 days 00:00:07.133925,mean,auto,5,,linear,none,1,100,,mixed_frequency,mean,auto,QE,0.005709596882044051,73.58455538668629,MIDAS,3.0,145.0,145.0,3.0,5.0,145.0,145.0,145.0,145.0,linear,{},0.007030648332787191,3.62,123.0,none,{},success,1.0,100.0,expanding,COMPLETE
64,0.007024476616838043,2026-04-21 17:35:23.073144,2026-04-21 17:35:30.576927,0 days 00:00:07.503783,mean,auto,6,,linear,none,1,100,,mixed_frequency,mean,auto,QE,0.0058214668840455746,78.67307028366545,MIDAS,3.0,145.0,145.0,3.0,6.0,145.0,145.0,145.0,145.0,linear,{},0.007024476616838043,4.05,123.0,none,{},success,1.0,100.0,expanding,COMPLETE
65,0.007024476616838043,2026-04-21 17:35:30.701127,2026-04-21 17:35:38.359976,0 days 00:00:07.658849,mean,auto,6,,linear,none,1,100,,mixed_frequency,mean,auto,QE,0.0058214668840455746,78.67307028366545,MIDAS,3.0,145.0,145.0,3.0,6.0,145.0,145.0,145.0,145.0,linear,{},0.007024476616838043,4.12,123.0,none,{},success,1.0,100.0,expanding,COMPLETE
66,0.007024476616838043,2026-04-21 17:35:38.521340,2026-04-21 17:35:46.063777,0 days 00:00:07.542437,mean,auto,6,,linear,none,1,100,,mixed_frequency,mean,auto,QE,0.0058214668840455746,78.67307028366545,MIDAS,3.0,145.0,145.0,3.0,6.0,145.0,145.0,145.0,145.0,linear,{},0.007024476616838043,4.04,123.0,none,{},success,1.0,100.0,expanding,COMPLETE
67,0.007024476616838043,2026-04-21 17:35:46.183031,2026-04-21 17:35:54.028343,0 days 00:00:07.845312,mean,auto,6,,linear,none,1,100,,mixed_frequency,mean,auto,QE,0.0058214668840455746,78.67307028366545,MIDAS,3.0,145.0,145.0,3.0,6.0,145.0,145.0,145.0,145.0,linear,{},0.007024476616838043,4.33,123.0,none,{},success,1.0,100.0,expanding,COMPLETE
68,0.007024476616838043,2026-04-21 17:35:54.156782,2026-04-21 17:36:01.958757,0 days 00:00:07.801975,mean,auto,6,,linear,none,1,100,,mixed_frequency,mean,auto,QE,0.0058214668840455746,78.67307028366545,MIDAS,3.0,145.0,145.0,3.0,6.0,145.0,145.0,145.0,145.0,linear,{},0.007024476616838043,4.3,123.0,none,{},success,1.0,100.0,expanding,COMPLETE
69,0.007024476616838043,2026-04-21 17:36:02.083052,2026-04-21 17:36:09.631232,0 days 00:00:07.548180,mean,auto,6,,linear,none,1,100,,mixed_frequency,mean,auto,QE,0.0058214668840455746,78.67307028366545,MIDAS,3.0,145.0,145.0,3.0,6.0,145.0,145.0,145.0,145.0,linear,{},0.007024476616838043,4.03,123.0,none,{},success,1.0,100.0,expanding,COMPLETE
70,0.007024476616838043,2026-04-21 17:36:09.754644,2026-04-21 17:36:17.597617,0 days 00:00:07.842973,mean,auto,6,,linear,none,1,100,,mixed_frequency,mean,auto,QE,0.0058214668840455746,78.67307028366545,MIDAS,3.0,145.0,145.0,3.0,6.0,145.0,145.0,145.0,145.0,linear,{},0.007024476616838043,4.37,123.0,none,{},success,1.0,100.0,expanding,COMPLETE
71,0.007030648332787191,2026-04-21 17:36:17.758474,2026-04-21 17:36:25.018168,0 days 00:00:07.259694,mean,auto,5,,linear,none,1,100,,mixed_frequency,mean,auto,QE,0.005709596882044051,73.58455538668629,MIDAS,3.0,145.0,145.0,3.0,5.0,145.0,145.0,145.0,145.0,linear,{},0.007030648332787191,3.71,123.0,none,{},success,1.0,100.0,expanding,COMPLETE
72,0.007024476616838043,2026-04-21 17:36:25.143929,2026-04-21 17:36:32.687538,0 days 00:00:07.543609,mean,auto,6,,linear,none,1,100,,mixed_frequency,mean,auto,QE,0.0058214668840455746,78.67307028366545,MIDAS,3.0,145.0,145.0,3.0,6.0,145.0,145.0,145.0,145.0,linear,{},0.007024476616838043,4.05,123.0,none,{},success,1.0,100.0,expanding,COMPLETE
73,0.007024476616838043,2026-04-21 17:48:02.471762,2026-04-21 17:48:09.952493,0 days 00:00:07.480731,mean,auto,6,,linear,none,1,100,,mixed_frequency,mean,auto,QE,0.0058214668840455746,78.67307028366545,MIDAS,3.0,145.0,145.0,3.0,6.0,145.0,145.0,145.0,145.0,linear,{},0.007024476616838043,3.99,123.0,none,{},success,1.0,100.0,expanding,COMPLETE
74,0.007052233893288457,2026-04-21 17:48:10.081156,2026-04-21 17:48:18.436678,0 days 00:00:08.355522,mean,auto,7,,linear,none,1,100,,mixed_frequency,mean,auto,QE,0.005891216425626252,81.18437425429053,MIDAS,3.0,145.0,145.0,3.0,7.0,145.0,145.0,145.0,145.0,linear,{},0.007052233893288457,4.74,123.0,none,{},success,1.0,100.0,expanding,COMPLETE
75,0.007024476616838043,2026-04-21 17:48:18.570356,2026-04-21 17:48:26.142669,0 days 00:00:07.572313,mean,auto,6,,linear,none,1,100,,mixed_frequency,mean,auto,QE,0.0058214668840455746,78.67307028366545,MIDAS,3.0,145.0,145.0,3.0,6.0,145.0,145.0,145.0,145.0,linear,{},0.007024476616838043,4.03,123.0,none,{},success,1.0,100.0,expanding,COMPLETE
76,0.007030648332787191,2026-04-21 17:48:26.304994,2026-04-21 17:48:33.186462,0 days 00:00:06.881468,mean,auto,5,,linear,none,1,100,,mixed_frequency,mean,auto,QE,0.005709596882044051,73.58455538668629,MIDAS,3.0,145.0,145.0,3.0,5.0,145.0,145.0,145.0,145.0,linear,{},0.007030648332787191,3.42,123.0,none,{},success,1.0,100.0,expanding,COMPLETE
77,0.007189034524813026,2026-04-21 17:48:33.310000,2026-04-21 17:48:39.575374,0 days 00:00:06.265374,mean,auto,4,,linear,none,1,100,,mixed_frequency,mean,auto,QE,0.005739467501420552,69.9538520885622,MIDAS,3.0,145.0,145.0,3.0,4.0,145.0,145.0,145.0,145.0,linear,{},0.007189034524813026,2.76,123.0,none,{},success,1.0,100.0,expanding,COMPLETE
78,0.007024476616838043,2026-04-21 17:48:39.699399,2026-04-21 17:48:47.199079,0 days 00:00:07.499680,mean,auto,6,,linear,none,1,100,,mixed_frequency,mean,auto,QE,0.0058214668840455746,78.67307028366545,MIDAS,3.0,145.0,145.0,3.0,6.0,145.0,145.0,145.0,145.0,linear,{},0.007024476616838043,3.97,123.0,none,{},success,1.0,100.0,expanding,COMPLETE
79,0.007052233893288457,2026-04-21 17:48:47.330824,2026-04-21 17:48:55.526328,0 days 00:00:08.195504,mean,auto,7,,linear,none,1,100,,mixed_frequency,mean,auto,QE,0.005891216425626252,81.18437425429053,MIDAS,3.0,145.0,145.0,3.0,7.0,145.0,145.0,145.0,145.0,linear,{},0.007052233893288457,4.73,123.0,none,{},success,1.0,100.0,expanding,COMPLETE
80,0.007030648332787191,2026-04-21 17:48:55.647774,2026-04-21 17:49:02.437606,0 days 00:00:06.789832,mean,auto,5,,linear,none,1,100,,mixed_frequency,mean,auto,QE,0.005709596882044051,73.58455538668629,MIDAS,3.0,145.0,145.0,3.0,5.0,145.0,145.0,145.0,145.0,linear,{},0.007030648332787191,3.31,123.0,none,{},success,1.0,100.0,expanding,COMPLETE
81,0.006382542380178497,2026-04-21 17:49:02.597403,2026-04-21 17:49:06.657145,0 days 00:00:04.059742,zero,auto,6,,linear,none,1,100,,mixed_frequency,zero,auto,QE,0.005351514217534437,81.4480817595129,MIDAS,3.0,145.0,145.0,3.0,6.0,145.0,145.0,145.0,145.0,linear,{},0.006382542380178497,0.58,123.0,none,{},success,1.0,100.0,expanding,COMPLETE
82,0.006508582999707525,2026-04-21 17:49:06.789222,2026-04-21 17:49:10.884198,0 days 00:00:04.094976,zero,auto,7,,linear,none,1,100,,mixed_frequency,zero,auto,QE,0.005471431157021496,82.96991187626035,MIDAS,3.0,145.0,145.0,3.0,7.0,145.0,145.0,145.0,145.0,linear,{},0.006508582999707525,0.63,123.0,none,{},success,1.0,100.0,expanding,COMPLETE
83,0.006508582999707525,2026-04-21 17:49:11.012723,2026-04-21 17:49:15.130497,0 days 00:00:04.117774,zero,auto,7,,linear,none,1,100,,mixed_frequency,zero,auto,QE,0.005471431157021496,82.96991187626035,MIDAS,3.0,145.0,145.0,3.0,7.0,145.0,145.0,145.0,145.0,linear,{},0.006508582999707525,0.64,123.0,none,{},success,1.0,100.0,expanding,COMPLETE
84,0.006560138704297126,2026-04-21 17:49:15.258535,2026-04-21 17:49:19.522047,0 days 00:00:04.263512,zero,auto,8,,linear,none,1,100,,mixed_frequency,zero,auto,QE,0.005499863193461074,84.1003718012606,MIDAS,3.0,145.0,145.0,3.0,8.0,145.0,145.0,145.0,145.0,linear,{},0.006560138704297126,0.71,123.0,none,{},success,1.0,100.0,expanding,COMPLETE
85,0.006560138704297126,2026-04-21 17:49:19.643057,2026-04-21 17:49:23.823430,0 days 00:00:04.180373,zero,auto,8,,linear,none,1,100,,mixed_frequency,zero,auto,QE,0.005499863193461074,84.1003718012606,MIDAS,3.0,145.0,145.0,3.0,8.0,145.0,145.0,145.0,145.0,linear,{},0.006560138704297126,0.71,123.0,none,{},success,1.0,100.0,expanding,COMPLETE
86,0.006560138704297126,2026-04-21 17:49:23.989918,2026-04-21 17:49:28.181915,0 days 00:00:04.191997,zero,auto,8,,linear,none,1,100,,mixed_frequency,zero,auto,QE,0.005499863193461074,84.1003718012606,MIDAS,3.0,145.0,145.0,3.0,8.0,145.0,145.0,145.0,145.0,linear,{},0.006560138704297126,0.71,123.0,none,{},success,1.0,100.0,expanding,COMPLETE
87,0.006560138704297126,2026-04-21 17:49:28.312815,2026-04-21 17:49:32.570189,0 days 00:00:04.257374,zero,auto,8,,linear,none,1,100,,mixed_frequency,zero,auto,QE,0.005499863193461074,84.1003718012606,MIDAS,3.0,145.0,145.0,3.0,8.0,145.0,145.0,145.0,145.0,linear,{},0.006560138704297126,0.73,123.0,none,{},success,1.0,100.0,expanding,COMPLETE
88,0.006560138704297126,2026-04-21 17:49:32.694492,2026-04-21 17:49:36.917631,0 days 00:00:04.223139,zero,auto,8,,linear,none,1,100,,mixed_frequency,zero,auto,QE,0.005499863193461074,84.1003718012606,MIDAS,3.0,145.0,145.0,3.0,8.0,145.0,145.0,145.0,145.0,linear,{},0.006560138704297126,0.78,123.0,none,{},success,1.0,100.0,expanding,COMPLETE
89,0.007729636267289919,2026-04-21 17:49:37.042746,2026-04-21 17:49:51.280604,0 days 00:00:14.237858,zero,auto,8,0.876292144752548,elasticnet,none,1,100,,mixed_frequency,zero,auto,QE,0.006726865163474057,129.32338556958007,MIDAS,3.0,145.0,145.0,3.0,8.0,145.0,145.0,145.0,145.0,elasticnet,"{""l1_ratio"": 0.876292144752548}",0.007729636267289919,10.64,123.0,none,{},success,1.0,100.0,expanding,COMPLETE
90,0.006560138704297126,2026-04-21 17:49:51.410922,2026-04-21 17:49:55.632942,0 days 00:00:04.222020,zero,auto,8,,linear,none,1,100,,mixed_frequency,zero,auto,QE,0.005499863193461074,84.1003718012606,MIDAS,3.0,145.0,145.0,3.0,8.0,145.0,145.0,145.0,145.0,linear,{},0.006560138704297126,0.71,123.0,none,{},success,1.0,100.0,expanding,COMPLETE
91,0.006560138704297126,2026-04-21 17:49:55.794162,2026-04-21 17:50:00.040270,0 days 00:00:04.246108,zero,auto,8,,linear,none,1,100,,mixed_frequency,zero,auto,QE,0.005499863193461074,84.1003718012606,MIDAS,3.0,145.0,145.0,3.0,8.0,145.0,145.0,145.0,145.0,linear,{},0.006560138704297126,0.73,123.0,none,{},success,1.0,100.0,expanding,COMPLETE
92,0.006560138704297126,2026-04-21 17:50:00.170692,2026-04-21 17:50:04.367088,0 days 00:00:04.196396,zero,auto,8,,linear,none,1,100,,mixed_frequency,zero,auto,QE,0.005499863193461074,84.1003718012606,MIDAS,3.0,145.0,145.0,3.0,8.0,145.0,145.0,145.0,145.0,linear,{},0.006560138704297126,0.71,123.0,none,{},success,1.0,100.0,expanding,COMPLETE
93,0.006594170339039141,2026-04-21 17:50:04.501071,2026-04-21 17:50:08.263983,0 days 00:00:03.762912,zero,auto,8,,linear,none,3,100,,mixed_frequency,zero,auto,QE,0.005515347052145773,83.85546818612309,MIDAS,3.0,145.0,145.0,1.0,8.0,145.0,145.0,145.0,145.0,linear,{},0.006594170339039141,0.25,123.0,none,{},success,3.0,100.0,expanding,COMPLETE
94,0.006508582999707525,2026-04-21 17:50:08.390527,2026-04-21 17:50:12.541192,0 days 00:00:04.150665,zero,auto,7,,linear,none,1,100,,mixed_frequency,zero,auto,QE,0.005471431157021496,82.96991187626035,MIDAS,3.0,145.0,145.0,3.0,7.0,145.0,145.0,145.0,145.0,linear,{},0.006508582999707525,0.63,123.0,none,{},success,1.0,100.0,expanding,COMPLETE
95,0.006508582999707525,2026-04-21 17:50:12.671699,2026-04-21 17:50:16.870916,0 days 00:00:04.199217,zero,auto,7,,linear,none,1,100,,mixed_frequency,zero,auto,QE,0.005471431157021496,82.96991187626035,MIDAS,3.0,145.0,145.0,3.0,7.0,145.0,145.0,145.0,145.0,linear,{},0.006508582999707525,0.63,123.0,none,{},success,1.0,100.0,expanding,COMPLETE
96,0.006508582999707525,2026-04-21 17:50:17.049522,2026-04-21 17:50:21.297553,0 days 00:00:04.248031,zero,auto,7,,linear,none,1,100,,mixed_frequency,zero,auto,QE,0.005471431157021496,82.96991187626035,MIDAS,3.0,145.0,145.0,3.0,7.0,145.0,145.0,145.0,145.0,linear,{},0.006508582999707525,0.73,123.0,none,{},success,1.0,100.0,expanding,COMPLETE
97,0.006508582999707525,2026-04-21 17:50:21.420656,2026-04-21 17:50:25.619103,0 days 00:00:04.198447,zero,auto,7,,linear,none,1,100,,mixed_frequency,zero,auto,QE,0.005471431157021496,82.96991187626035,MIDAS,3.0,145.0,145.0,3.0,7.0,145.0,145.0,145.0,145.0,linear,{},0.006508582999707525,0.65,123.0,none,{},success,1.0,100.0,expanding,COMPLETE
98,0.006508582999707525,2026-04-21 17:50:25.746377,2026-04-21 17:50:29.866556,0 days 00:00:04.120179,zero,auto,7,,linear,none,1,100,,mixed_frequency,zero,auto,QE,0.005471431157021496,82.96991187626035,MIDAS,3.0,145.0,145.0,3.0,7.0,145.0,145.0,145.0,145.0,linear,{},0.006508582999707525,0.63,123.0,none,{},success,1.0,100.0,expanding,COMPLETE
99,0.006508582999707525,2026-04-21 17:50:29.992246,2026-04-21 17:50:34.069404,0 days 00:00:04.077158,zero,auto,7,,linear,none,1,100,,mixed_frequency,zero,auto,QE,0.005471431157021496,82.96991187626035,MIDAS,3.0,145.0,145.0,3.0,7.0,145.0,145.0,145.0,145.0,linear,{},0.006508582999707525,0.63,123.0,none,{},success,1.0,100.0,expanding,COMPLETE
100,0.015590695166494578,2026-04-21 17:50:34.192504,2026-04-21 17:52:01.639279,0 days 00:01:27.446775,zero,auto,7,0.5264525413263293,elasticnet,none,1,80,,mixed_frequency,zero,auto,QE,0.010398114091619264,126.3693522241006,MIDAS,23.0,145.0,145.0,23.0,7.0,145.0,145.0,145.0,145.0,elasticnet,"{""l1_ratio"": 0.5264525413263293}",0.015590695166494578,83.83,123.0,none,{},success,1.0,80.0,expanding,COMPLETE
101,,2026-04-21 17:52:01.813211,2026-04-21 17:52:04.868620,0 days 00:00:03.055409,zero,auto,7,,linear,none,1,120,Backtester returned empty DataFrame,mixed_frequency,zero,auto,QE,,,MIDAS,,145.0,,,7.0,,,,,linear,{},,0.0,123.0,none,{},failed,1.0,120.0,expanding,PRUNED
102,0.006508582999707525,2026-04-21 17:52:04.995153,2026-04-21 17:52:09.226897,0 days 00:00:04.231744,zero,auto,7,,linear,none,1,100,,mixed_frequency,zero,auto,QE,0.005471431157021496,82.96991187626035,MIDAS,3.0,145.0,145.0,3.0,7.0,145.0,145.0,145.0,145.0,linear,{},0.006508582999707525,0.63,123.0,none,{},success,1.0,100.0,expanding,COMPLETE
103,0.006508582999707525,2026-04-21 17:52:09.346748,2026-04-21 17:52:13.518818,0 days 00:00:04.172070,zero,auto,7,,linear,none,1,100,,mixed_frequency,zero,auto,QE,0.005471431157021496,82.96991187626035,MIDAS,3.0,145.0,145.0,3.0,7.0,145.0,145.0,145.0,145.0,linear,{},0.006508582999707525,0.65,123.0,none,{},success,1.0,100.0,expanding,COMPLETE
104,0.006572914096484252,2026-04-21 17:52:13.655083,2026-04-21 17:52:17.410354,0 days 00:00:03.755271,zero,auto,7,,linear,none,3,100,,mixed_frequency,zero,auto,QE,0.005519476846882476,83.66730686559308,MIDAS,3.0,145.0,145.0,1.0,7.0,145.0,145.0,145.0,145.0,linear,{},0.006572914096484252,0.22,123.0,none,{},success,3.0,100.0,expanding,COMPLETE
105,0.006508582999707525,2026-04-21 17:52:17.537496,2026-04-21 17:52:21.740088,0 days 00:00:04.202592,zero,auto,7,,linear,none,1,100,,mixed_frequency,zero,auto,QE,0.005471431157021496,82.96991187626035,MIDAS,3.0,145.0,145.0,3.0,7.0,145.0,145.0,145.0,145.0,linear,{},0.006508582999707525,0.65,123.0,none,{},success,1.0,100.0,expanding,COMPLETE
106,0.006508582999707525,2026-04-21 17:52:21.917597,2026-04-21 17:52:26.104873,0 days 00:00:04.187276,zero,auto,7,,linear,none,1,100,,mixed_frequency,zero,auto,QE,0.005471431157021496,82.96991187626035,MIDAS,3.0,145.0,145.0,3.0,7.0,145.0,145.0,145.0,145.0,linear,{},0.006508582999707525,0.63,123.0,none,{},success,1.0,100.0,expanding,COMPLETE
107,0.006508582999707525,2026-04-21 17:52:26.234310,2026-04-21 17:52:30.437383,0 days 00:00:04.203073,zero,auto,7,,linear,none,1,100,,mixed_frequency,zero,auto,QE,0.005471431157021496,82.96991187626035,MIDAS,3.0,145.0,145.0,3.0,7.0,145.0,145.0,145.0,145.0,linear,{},0.006508582999707525,0.65,123.0,none,{},success,1.0,100.0,expanding,COMPLETE
108,0.006508582999707525,2026-04-21 17:52:30.559407,2026-04-21 17:52:34.695108,0 days 00:00:04.135701,zero,auto,7,,linear,none,1,100,,mixed_frequency,zero,auto,QE,0.005471431157021496,82.96991187626035,MIDAS,3.0,145.0,145.0,3.0,7.0,145.0,145.0,145.0,145.0,linear,{},0.006508582999707525,0.64,123.0,none,{},success,1.0,100.0,expanding,COMPLETE
109,0.006508582999707525,2026-04-21 17:52:34.821770,2026-04-21 17:52:39.009291,0 days 00:00:04.187521,zero,auto,7,,linear,none,1,100,,mixed_frequency,zero,auto,QE,0.005471431157021496,82.96991187626035,MIDAS,3.0,145.0,145.0,3.0,7.0,145.0,145.0,145.0,145.0,linear,{},0.006508582999707525,0.65,123.0,none,{},success,1.0,100.0,expanding,COMPLETE
110,0.006508582999707525,2026-04-21 17:52:39.140363,2026-04-21 17:52:43.367767,0 days 00:00:04.227404,zero,auto,7,,linear,none,1,100,,mixed_frequency,zero,auto,QE,0.005471431157021496,82.96991187626035,MIDAS,3.0,145.0,145.0,3.0,7.0,145.0,145.0,145.0,145.0,linear,{},0.006508582999707525,0.7,123.0,none,{},success,1.0,100.0,expanding,COMPLETE
111,0.006508582999707525,2026-04-21 17:52:43.534076,2026-04-21 17:52:47.670107,0 days 00:00:04.136031,zero,auto,7,,linear,none,1,100,,mixed_frequency,zero,auto,QE,0.005471431157021496,82.96991187626035,MIDAS,3.0,145.0,145.0,3.0,7.0,145.0,145.0,145.0,145.0,linear,{},0.006508582999707525,0.64,123.0,none,{},success,1.0,100.0,expanding,COMPLETE
112,0.006508582999707525,2026-04-21 17:52:47.803910,2026-04-21 17:52:51.942449,0 days 00:00:04.138539,zero,auto,7,,linear,none,1,100,,mixed_frequency,zero,auto,QE,0.005471431157021496,82.96991187626035,MIDAS,3.0,145.0,145.0,3.0,7.0,145.0,145.0,145.0,145.0,linear,{},0.006508582999707525,0.63,123.0,none,{},success,1.0,100.0,expanding,COMPLETE
113,0.015118950573017874,2026-04-21 17:52:52.074710,2026-04-21 17:53:00.098020,0 days 00:00:08.023310,zero,auto,7,,linear,none,1,80,,mixed_frequency,zero,auto,QE,0.009973690195349345,106.30447689332495,MIDAS,23.0,145.0,145.0,23.0,7.0,145.0,145.0,145.0,145.0,linear,{},0.015118950573017874,4.53,123.0,none,{},success,1.0,80.0,expanding,COMPLETE
114,,2026-04-21 17:53:00.226790,2026-04-21 17:53:03.436295,0 days 00:00:03.209505,zero,auto,7,0.8690153777563103,elasticnet,none,1,120,Backtester returned empty DataFrame,mixed_frequency,zero,auto,QE,,,MIDAS,,145.0,,,7.0,,,,,elasticnet,"{""l1_ratio"": 0.8690153777563103}",,0.0,123.0,none,{},failed,1.0,120.0,expanding,PRUNED
115,0.006508582999707525,2026-04-21 17:53:03.553888,2026-04-21 17:53:07.739101,0 days 00:00:04.185213,zero,auto,7,,linear,none,1,100,,mixed_frequency,zero,auto,QE,0.005471431157021496,82.96991187626035,MIDAS,3.0,145.0,145.0,3.0,7.0,145.0,145.0,145.0,145.0,linear,{},0.006508582999707525,0.64,123.0,none,{},success,1.0,100.0,expanding,COMPLETE
116,0.006508582999707525,2026-04-21 17:53:07.903968,2026-04-21 17:53:12.152690,0 days 00:00:04.248722,zero,auto,7,,linear,none,1,100,,mixed_frequency,zero,auto,QE,0.005471431157021496,82.96991187626035,MIDAS,3.0,145.0,145.0,3.0,7.0,145.0,145.0,145.0,145.0,linear,{},0.006508582999707525,0.72,123.0,none,{},success,1.0,100.0,expanding,COMPLETE
117,0.006508582999707525,2026-04-21 17:53:12.277908,2026-04-21 17:53:16.416939,0 days 00:00:04.139031,zero,auto,7,,linear,none,1,100,,mixed_frequency,zero,auto,QE,0.005471431157021496,82.96991187626035,MIDAS,3.0,145.0,145.0,3.0,7.0,145.0,145.0,145.0,145.0,linear,{},0.006508582999707525,0.64,123.0,none,{},success,1.0,100.0,expanding,COMPLETE
118,0.006382542380178497,2026-04-21 17:53:16.536605,2026-04-21 17:53:20.590965,0 days 00:00:04.054360,zero,auto,6,,linear,none,1,100,,mixed_frequency,zero,auto,QE,0.005351514217534437,81.4480817595129,MIDAS,3.0,145.0,145.0,3.0,6.0,145.0,145.0,145.0,145.0,linear,{},0.006382542380178497,0.56,123.0,none,{},success,1.0,100.0,expanding,COMPLETE
119,0.006382542380178497,2026-04-21 17:53:20.715108,2026-04-21 17:53:24.772700,0 days 00:00:04.057592,zero,auto,6,,linear,none,1,100,,mixed_frequency,zero,auto,QE,0.005351514217534437,81.4480817595129,MIDAS,3.0,145.0,145.0,3.0,6.0,145.0,145.0,145.0,145.0,linear,{},0.006382542380178497,0.57,123.0,none,{},success,1.0,100.0,expanding,COMPLETE
120,0.006382542380178497,2026-04-21 17:53:24.904355,2026-04-21 17:53:28.944525,0 days 00:00:04.040170,zero,auto,6,,linear,none,1,100,,mixed_frequency,zero,auto,QE,0.005351514217534437,81.4480817595129,MIDAS,3.0,145.0,145.0,3.0,6.0,145.0,145.0,145.0,145.0,linear,{},0.006382542380178497,0.56,123.0,none,{},success,1.0,100.0,expanding,COMPLETE
121,0.006382542380178497,2026-04-21 17:53:29.111667,2026-04-21 17:53:33.236121,0 days 00:00:04.124454,zero,auto,6,,linear,none,1,100,,mixed_frequency,zero,auto,QE,0.005351514217534437,81.4480817595129,MIDAS,3.0,145.0,145.0,3.0,6.0,145.0,145.0,145.0,145.0,linear,{},0.006382542380178497,0.57,123.0,none,{},success,1.0,100.0,expanding,COMPLETE
122,0.006402660569575284,2026-04-21 17:53:33.357439,2026-04-21 17:53:37.351882,0 days 00:00:03.994443,zero,auto,5,,linear,none,1,100,,mixed_frequency,zero,auto,QE,0.005263178116111729,75.79172342484627,MIDAS,3.0,145.0,145.0,3.0,5.0,145.0,145.0,145.0,145.0,linear,{},0.006402660569575284,0.47,123.0,none,{},success,1.0,100.0,expanding,COMPLETE
123,0.006402660569575284,2026-04-21 18:01:14.236193,2026-04-21 18:01:18.400139,0 days 00:00:04.163946,zero,auto,5,,linear,none,1,100,,mixed_frequency,zero,auto,QE,0.005263178116111729,75.79172342484627,MIDAS,3.0,145.0,145.0,3.0,5.0,145.0,145.0,145.0,145.0,linear,{},0.006402660569575284,0.47,123.0,none,{},success,1.0,100.0,expanding,COMPLETE
124,0.006644489483108201,2026-04-21 18:01:18.538409,2026-04-21 18:01:22.261054,0 days 00:00:03.722645,zero,auto,4,,linear,none,3,100,,mixed_frequency,zero,auto,QE,0.005352372896948232,71.90126908733568,MIDAS,3.0,145.0,145.0,1.0,4.0,145.0,145.0,145.0,145.0,linear,{},0.006644489483108201,0.14,123.0,none,{},success,3.0,100.0,expanding,COMPLETE
125,0.006402660569575284,2026-04-21 18:01:22.387329,2026-04-21 18:01:26.458096,0 days 00:00:04.070767,zero,auto,5,,linear,none,1,100,,mixed_frequency,zero,auto,QE,0.005263178116111729,75.79172342484627,MIDAS,3.0,145.0,145.0,3.0,5.0,145.0,145.0,145.0,145.0,linear,{},0.006402660569575284,0.48,123.0,none,{},success,1.0,100.0,expanding,COMPLETE
126,0.006402660569575284,2026-04-21 18:01:26.636436,2026-04-21 18:01:30.655142,0 days 00:00:04.018706,zero,auto,5,,linear,none,1,100,,mixed_frequency,zero,auto,QE,0.005263178116111729,75.79172342484627,MIDAS,3.0,145.0,145.0,3.0,5.0,145.0,145.0,145.0,145.0,linear,{},0.006402660569575284,0.48,123.0,none,{},success,1.0,100.0,expanding,COMPLETE
127,0.006402660569575284,2026-04-21 18:01:30.784712,2026-04-21 18:01:34.850029,0 days 00:00:04.065317,zero,auto,5,,linear,none,1,100,,mixed_frequency,zero,auto,QE,0.005263178116111729,75.79172342484627,MIDAS,3.0,145.0,145.0,3.0,5.0,145.0,145.0,145.0,145.0,linear,{},0.006402660569575284,0.48,123.0,none,{},success,1.0,100.0,expanding,COMPLETE
128,0.006402660569575284,2026-04-21 18:01:34.979392,2026-04-21 18:01:39.064617,0 days 00:00:04.085225,zero,auto,5,,linear,none,1,100,,mixed_frequency,zero,auto,QE,0.005263178116111729,75.79172342484627,MIDAS,3.0,145.0,145.0,3.0,5.0,145.0,145.0,145.0,145.0,linear,{},0.006402660569575284,0.47,123.0,none,{},success,1.0,100.0,expanding,COMPLETE
129,0.006402660569575284,2026-04-21 18:01:39.179204,2026-04-21 18:01:43.278743,0 days 00:00:04.099539,zero,auto,5,,linear,none,1,100,,mixed_frequency,zero,auto,QE,0.005263178116111729,75.79172342484627,MIDAS,3.0,145.0,145.0,3.0,5.0,145.0,145.0,145.0,145.0,linear,{},0.006402660569575284,0.48,123.0,none,{},success,1.0,100.0,expanding,COMPLETE
130,0.006402660569575284,2026-04-21 18:01:43.414673,2026-04-21 18:01:47.482136,0 days 00:00:04.067463,zero,auto,5,,linear,none,1,100,,mixed_frequency,zero,auto,QE,0.005263178116111729,75.79172342484627,MIDAS,3.0,145.0,145.0,3.0,5.0,145.0,145.0,145.0,145.0,linear,{},0.006402660569575284,0.48,123.0,none,{},success,1.0,100.0,expanding,COMPLETE
131,0.006402660569575284,2026-04-21 18:01:47.649398,2026-04-21 18:01:51.674130,0 days 00:00:04.024732,zero,auto,5,,linear,none,1,100,,mixed_frequency,zero,auto,QE,0.005263178116111729,75.79172342484627,MIDAS,3.0,145.0,145.0,3.0,5.0,145.0,145.0,145.0,145.0,linear,{},0.006402660569575284,0.47,123.0,none,{},success,1.0,100.0,expanding,COMPLETE
132,0.006402660569575284,2026-04-21 18:01:51.797236,2026-04-21 18:01:55.877209,0 days 00:00:04.079973,zero,auto,5,,linear,none,1,100,,mixed_frequency,zero,auto,QE,0.005263178116111729,75.79172342484627,MIDAS,3.0,145.0,145.0,3.0,5.0,145.0,145.0,145.0,145.0,linear,{},0.006402660569575284,0.48,123.0,none,{},success,1.0,100.0,expanding,COMPLETE
133,0.006545348285373433,2026-04-21 18:01:55.997731,2026-04-21 18:01:59.930165,0 days 00:00:03.932434,zero,auto,4,,linear,none,1,100,,mixed_frequency,zero,auto,QE,0.005285151430496349,71.19258502267634,MIDAS,3.0,145.0,145.0,3.0,4.0,145.0,145.0,145.0,145.0,linear,{},0.006545348285373433,0.41,123.0,none,{},success,1.0,100.0,expanding,COMPLETE
134,0.014920274028152781,2026-04-21 18:02:00.055428,2026-04-21 18:02:06.927234,0 days 00:00:06.871806,zero,auto,5,,linear,none,1,80,,mixed_frequency,zero,auto,QE,0.009920095861055378,108.23455328442515,MIDAS,23.0,145.0,145.0,23.0,5.0,145.0,145.0,145.0,145.0,linear,{},0.014920274028152781,3.33,123.0,none,{},success,1.0,80.0,expanding,COMPLETE
135,0.006402660569575284,2026-04-21 18:02:07.064464,2026-04-21 18:02:11.064565,0 days 00:00:04.000101,zero,auto,5,,linear,none,1,100,,mixed_frequency,zero,auto,QE,0.005263178116111729,75.79172342484627,MIDAS,3.0,145.0,145.0,3.0,5.0,145.0,145.0,145.0,145.0,linear,{},0.006402660569575284,0.47,123.0,none,{},success,1.0,100.0,expanding,COMPLETE
136,0.006402660569575284,2026-04-21 18:02:11.230477,2026-04-21 18:02:15.324910,0 days 00:00:04.094433,zero,auto,5,,linear,none,1,100,,mixed_frequency,zero,auto,QE,0.005263178116111729,75.79172342484627,MIDAS,3.0,145.0,145.0,3.0,5.0,145.0,145.0,145.0,145.0,linear,{},0.006402660569575284,0.55,123.0,none,{},success,1.0,100.0,expanding,COMPLETE
137,0.006402660569575284,2026-04-21 18:02:15.447331,2026-04-21 18:02:19.515898,0 days 00:00:04.068567,zero,auto,5,,linear,none,1,100,,mixed_frequency,zero,auto,QE,0.005263178116111729,75.79172342484627,MIDAS,3.0,145.0,145.0,3.0,5.0,145.0,145.0,145.0,145.0,linear,{},0.006402660569575284,0.48,123.0,none,{},success,1.0,100.0,expanding,COMPLETE
138,0.006402660569575284,2026-04-21 18:02:19.632880,2026-04-21 18:02:23.741251,0 days 00:00:04.108371,zero,auto,5,,linear,none,1,100,,mixed_frequency,zero,auto,QE,0.005263178116111729,75.79172342484627,MIDAS,3.0,145.0,145.0,3.0,5.0,145.0,145.0,145.0,145.0,linear,{},0.006402660569575284,0.48,123.0,none,{},success,1.0,100.0,expanding,COMPLETE
139,0.006545348285373433,2026-04-21 18:02:23.870694,2026-04-21 18:02:27.908534,0 days 00:00:04.037840,zero,auto,4,,linear,none,1,100,,mixed_frequency,zero,auto,QE,0.005285151430496349,71.19258502267634,MIDAS,3.0,145.0,145.0,3.0,4.0,145.0,145.0,145.0,145.0,linear,{},0.006545348285373433,0.41,123.0,none,{},success,1.0,100.0,expanding,COMPLETE
140,0.006402660569575284,2026-04-21 18:02:28.033736,2026-04-21 18:02:32.072409,0 days 00:00:04.038673,zero,auto,5,,linear,none,1,100,,mixed_frequency,zero,auto,QE,0.005263178116111729,75.79172342484627,MIDAS,3.0,145.0,145.0,3.0,5.0,145.0,145.0,145.0,145.0,linear,{},0.006402660569575284,0.48,123.0,none,{},success,1.0,100.0,expanding,COMPLETE
141,,2026-04-21 18:02:32.246570,2026-04-21 18:02:35.528037,0 days 00:00:03.281467,zero,auto,3,0.6476068924141196,elasticnet,none,1,120,Backtester returned empty DataFrame,mixed_frequency,zero,auto,QE,,,MIDAS,,145.0,,,3.0,,,,,elasticnet,"{""l1_ratio"": 0.6476068924141196}",,0.0,123.0,none,{},failed,1.0,120.0,expanding,PRUNED
142,0.006402660569575284,2026-04-21 18:02:35.651530,2026-04-21 18:02:39.631125,0 days 00:00:03.979595,zero,auto,5,,linear,none,1,100,,mixed_frequency,zero,auto,QE,0.005263178116111729,75.79172342484627,MIDAS,3.0,145.0,145.0,3.0,5.0,145.0,145.0,145.0,145.0,linear,{},0.006402660569575284,0.46,123.0,none,{},success,1.0,100.0,expanding,COMPLETE
143,0.006382542380178497,2026-04-21 18:02:39.750176,2026-04-21 18:02:43.825127,0 days 00:00:04.074951,zero,auto,6,,linear,none,1,100,,mixed_frequency,zero,auto,QE,0.005351514217534437,81.4480817595129,MIDAS,3.0,145.0,145.0,3.0,6.0,145.0,145.0,145.0,145.0,linear,{},0.006382542380178497,0.55,123.0,none,{},success,1.0,100.0,expanding,COMPLETE
144,0.006382542380178497,2026-04-21 18:02:43.950984,2026-04-21 18:02:48.111012,0 days 00:00:04.160028,zero,auto,6,,linear,none,1,100,,mixed_frequency,zero,auto,QE,0.005351514217534437,81.4480817595129,MIDAS,3.0,145.0,145.0,3.0,6.0,145.0,145.0,145.0,145.0,linear,{},0.006382542380178497,0.57,123.0,none,{},success,1.0,100.0,expanding,COMPLETE
145,0.006382542380178497,2026-04-21 18:02:48.240538,2026-04-21 18:02:52.403071,0 days 00:00:04.162533,zero,auto,6,,linear,none,1,100,,mixed_frequency,zero,auto,QE,0.005351514217534437,81.4480817595129,MIDAS,3.0,145.0,145.0,3.0,6.0,145.0,145.0,145.0,145.0,linear,{},0.006382542380178497,0.57,123.0,none,{},success,1.0,100.0,expanding,COMPLETE
146,0.006382542380178497,2026-04-21 18:02:52.585343,2026-04-21 18:02:56.652326,0 days 00:00:04.066983,zero,auto,6,,linear,none,1,100,,mixed_frequency,zero,auto,QE,0.005351514217534437,81.4480817595129,MIDAS,3.0,145.0,145.0,3.0,6.0,145.0,145.0,145.0,145.0,linear,{},0.006382542380178497,0.55,123.0,none,{},success,1.0,100.0,expanding,COMPLETE
147,0.006382542380178497,2026-04-21 18:02:56.775448,2026-04-21 18:03:00.924527,0 days 00:00:04.149079,zero,auto,6,,linear,none,1,100,,mixed_frequency,zero,auto,QE,0.005351514217534437,81.4480817595129,MIDAS,3.0,145.0,145.0,3.0,6.0,145.0,145.0,145.0,145.0,linear,{},0.006382542380178497,0.56,123.0,none,{},success,1.0,100.0,expanding,COMPLETE
148,0.006382542380178497,2026-04-21 18:03:01.044714,2026-04-21 18:03:05.208735,0 days 00:00:04.164021,zero,auto,6,,linear,none,1,100,,mixed_frequency,zero,auto,QE,0.005351514217534437,81.4480817595129,MIDAS,3.0,145.0,145.0,3.0,6.0,145.0,145.0,145.0,145.0,linear,{},0.006382542380178497,0.55,123.0,none,{},success,1.0,100.0,expanding,COMPLETE
149,0.006382542380178497,2026-04-21 18:03:05.324516,2026-04-21 18:03:09.444528,0 days 00:00:04.120012,zero,auto,6,,linear,none,1,100,,mixed_frequency,zero,auto,QE,0.005351514217534437,81.4480817595129,MIDAS,3.0,145.0,145.0,3.0,6.0,145.0,145.0,145.0,145.0,linear,{},0.006382542380178497,0.56,123.0,none,{},success,1.0,100.0,expanding,COMPLETE
150,0.006382542380178497,2026-04-21 18:03:09.582877,2026-04-21 18:03:13.787181,0 days 00:00:04.204304,zero,auto,6,,linear,none,1,100,,mixed_frequency,zero,auto,QE,0.005351514217534437,81.4480817595129,MIDAS,3.0,145.0,145.0,3.0,6.0,145.0,145.0,145.0,145.0,linear,{},0.006382542380178497,0.58,123.0,none,{},success,1.0,100.0,expanding,COMPLETE
151,0.006327646493207954,2026-04-21 18:03:13.958675,2026-04-21 18:03:17.716250,0 days 00:00:03.757575,zero,auto,6,,linear,none,3,100,,mixed_frequency,zero,auto,QE,0.005304061004051341,80.45293356916129,MIDAS,3.0,145.0,145.0,1.0,6.0,145.0,145.0,145.0,145.0,linear,{},0.006327646493207954,0.19,123.0,none,{},success,3.0,100.0,expanding,COMPLETE
152,0.006327646493207954,2026-04-21 18:03:17.852404,2026-04-21 18:03:21.706151,0 days 00:00:03.853747,zero,auto,6,,linear,none,3,100,,mixed_frequency,zero,auto,QE,0.005304061004051341,80.45293356916129,MIDAS,3.0,145.0,145.0,1.0,6.0,145.0,145.0,145.0,145.0,linear,{},0.006327646493207954,0.2,123.0,none,{},success,3.0,100.0,expanding,COMPLETE
153,0.006327646493207954,2026-04-21 18:03:21.832827,2026-04-21 18:03:25.648754,0 days 00:00:03.815927,zero,auto,6,,linear,none,3,100,,mixed_frequency,zero,auto,QE,0.005304061004051341,80.45293356916129,MIDAS,3.0,145.0,145.0,1.0,6.0,145.0,145.0,145.0,145.0,linear,{},0.006327646493207954,0.2,123.0,none,{},success,3.0,100.0,expanding,COMPLETE
154,0.006327646493207954,2026-04-21 18:03:25.770617,2026-04-21 18:03:29.575507,0 days 00:00:03.804890,zero,auto,6,,linear,none,3,100,,mixed_frequency,zero,auto,QE,0.005304061004051341,80.45293356916129,MIDAS,3.0,145.0,145.0,1.0,6.0,145.0,145.0,145.0,145.0,linear,{},0.006327646493207954,0.2,123.0,none,{},success,3.0,100.0,expanding,COMPLETE
155,0.006327646493207954,2026-04-21 18:03:29.697954,2026-04-21 18:03:33.436714,0 days 00:00:03.738760,zero,auto,6,,linear,none,3,100,,mixed_frequency,zero,auto,QE,0.005304061004051341,80.45293356916129,MIDAS,3.0,145.0,145.0,1.0,6.0,145.0,145.0,145.0,145.0,linear,{},0.006327646493207954,0.2,123.0,none,{},success,3.0,100.0,expanding,COMPLETE
156,0.006327646493207954,2026-04-21 18:03:33.610404,2026-04-21 18:03:37.353767,0 days 00:00:03.743363,zero,auto,6,,linear,none,3,100,,mixed_frequency,zero,auto,QE,0.005304061004051341,80.45293356916129,MIDAS,3.0,145.0,145.0,1.0,6.0,145.0,145.0,145.0,145.0,linear,{},0.006327646493207954,0.2,123.0,none,{},success,3.0,100.0,expanding,COMPLETE
157,0.006327646493207954,2026-04-21 18:03:37.483129,2026-04-21 18:03:41.225200,0 days 00:00:03.742071,zero,auto,6,,linear,none,3,100,,mixed_frequency,zero,auto,QE,0.005304061004051341,80.45293356916129,MIDAS,3.0,145.0,145.0,1.0,6.0,145.0,145.0,145.0,145.0,linear,{},0.006327646493207954,0.2,123.0,none,{},success,3.0,100.0,expanding,COMPLETE
158,0.006327646493207954,2026-04-21 18:03:41.361909,2026-04-21 18:03:45.170113,0 days 00:00:03.808204,zero,auto,6,,linear,none,3,100,,mixed_frequency,zero,auto,QE,0.005304061004051341,80.45293356916129,MIDAS,3.0,145.0,145.0,1.0,6.0,145.0,145.0,145.0,145.0,linear,{},0.006327646493207954,0.19,123.0,none,{},success,3.0,100.0,expanding,COMPLETE
159,0.006327646493207954,2026-04-21 18:03:45.289556,2026-04-21 18:03:49.038474,0 days 00:00:03.748918,zero,auto,6,,linear,none,3,100,,mixed_frequency,zero,auto,QE,0.005304061004051341,80.45293356916129,MIDAS,3.0,145.0,145.0,1.0,6.0,145.0,145.0,145.0,145.0,linear,{},0.006327646493207954,0.2,123.0,none,{},success,3.0,100.0,expanding,COMPLETE
160,0.006327646493207954,2026-04-21 18:03:49.165836,2026-04-21 18:03:53.009639,0 days 00:00:03.843803,zero,auto,6,,linear,none,3,100,,mixed_frequency,zero,auto,QE,0.005304061004051341,80.45293356916129,MIDAS,3.0,145.0,145.0,1.0,6.0,145.0,145.0,145.0,145.0,linear,{},0.006327646493207954,0.2,123.0,none,{},success,3.0,100.0,expanding,COMPLETE
161,0.006327646493207954,2026-04-21 18:03:53.193052,2026-04-21 18:03:57.022402,0 days 00:00:03.829350,zero,auto,6,,linear,none,3,100,,mixed_frequency,zero,auto,QE,0.005304061004051341,80.45293356916129,MIDAS,3.0,145.0,145.0,1.0,6.0,145.0,145.0,145.0,145.0,linear,{},0.006327646493207954,0.19,123.0,none,{},success,3.0,100.0,expanding,COMPLETE
162,0.006327646493207954,2026-04-21 18:03:57.145720,2026-04-21 18:04:01.056522,0 days 00:00:03.910802,zero,auto,6,,linear,none,3,100,,mixed_frequency,zero,auto,QE,0.005304061004051341,80.45293356916129,MIDAS,3.0,145.0,145.0,1.0,6.0,145.0,145.0,145.0,145.0,linear,{},0.006327646493207954,0.2,123.0,none,{},success,3.0,100.0,expanding,COMPLETE
163,0.007072737538968141,2026-04-21 18:04:01.185397,2026-04-21 18:04:07.442167,0 days 00:00:06.256770,zero,auto,6,,lasso,none,3,100,,mixed_frequency,zero,auto,QE,0.005930129418636613,123.02590452347542,MIDAS,3.0,145.0,145.0,1.0,6.0,145.0,145.0,145.0,145.0,lasso,{},0.007072737538968141,2.54,123.0,none,{},success,3.0,100.0,expanding,COMPLETE
164,0.014903576308189522,2026-04-21 18:04:07.574686,2026-04-21 18:04:12.666447,0 days 00:00:05.091761,zero,auto,6,,linear,none,3,80,,mixed_frequency,zero,auto,QE,0.00900411552902367,91.12376154596234,MIDAS,23.0,145.0,145.0,8.0,6.0,145.0,145.0,145.0,145.0,linear,{},0.014903576308189522,1.38,123.0,none,{},success,3.0,80.0,expanding,COMPLETE
165,0.006327646493207954,2026-04-21 18:04:12.790056,2026-04-21 18:04:16.739674,0 days 00:00:03.949618,zero,auto,6,,linear,none,3,100,,mixed_frequency,zero,auto,QE,0.005304061004051341,80.45293356916129,MIDAS,3.0,145.0,145.0,1.0,6.0,145.0,145.0,145.0,145.0,linear,{},0.006327646493207954,0.2,123.0,none,{},success,3.0,100.0,expanding,COMPLETE
166,0.006327646493207954,2026-04-21 18:04:16.924609,2026-04-21 18:04:20.762056,0 days 00:00:03.837447,zero,auto,6,,linear,none,3,100,,mixed_frequency,zero,auto,QE,0.005304061004051341,80.45293356916129,MIDAS,3.0,145.0,145.0,1.0,6.0,145.0,145.0,145.0,145.0,linear,{},0.006327646493207954,0.2,123.0,none,{},success,3.0,100.0,expanding,COMPLETE
167,0.006327646493207954,2026-04-21 18:04:20.894711,2026-04-21 18:04:24.767009,0 days 00:00:03.872298,zero,auto,6,,linear,none,3,100,,mixed_frequency,zero,auto,QE,0.005304061004051341,80.45293356916129,MIDAS,3.0,145.0,145.0,1.0,6.0,145.0,145.0,145.0,145.0,linear,{},0.006327646493207954,0.2,123.0,none,{},success,3.0,100.0,expanding,COMPLETE
168,0.006327646493207954,2026-04-21 18:04:24.894700,2026-04-21 18:04:28.714442,0 days 00:00:03.819742,zero,auto,6,,linear,none,3,100,,mixed_frequency,zero,auto,QE,0.005304061004051341,80.45293356916129,MIDAS,3.0,145.0,145.0,1.0,6.0,145.0,145.0,145.0,145.0,linear,{},0.006327646493207954,0.2,123.0,none,{},success,3.0,100.0,expanding,COMPLETE
169,0.006327646493207954,2026-04-21 18:04:28.839414,2026-04-21 18:04:32.692255,0 days 00:00:03.852841,zero,auto,6,,linear,none,3,100,,mixed_frequency,zero,auto,QE,0.005304061004051341,80.45293356916129,MIDAS,3.0,145.0,145.0,1.0,6.0,145.0,145.0,145.0,145.0,linear,{},0.006327646493207954,0.19,123.0,none,{},success,3.0,100.0,expanding,COMPLETE
170,0.007076079288306031,2026-04-21 18:04:32.816710,2026-04-21 18:04:39.022886,0 days 00:00:06.206176,zero,auto,6,0.10874647249450697,elasticnet,none,3,100,,mixed_frequency,zero,auto,QE,0.005933626690124723,123.16847677455509,MIDAS,3.0,145.0,145.0,1.0,6.0,145.0,145.0,145.0,145.0,elasticnet,"{""l1_ratio"": 0.10874647249450697}",0.007076079288306031,2.29,123.0,none,{},success,3.0,100.0,expanding,COMPLETE
171,,2026-04-21 18:04:39.205404,2026-04-21 18:04:42.618097,0 days 00:00:03.412693,zero,auto,6,,linear,none,3,120,Backtester returned empty DataFrame,mixed_frequency,zero,auto,QE,,,MIDAS,,145.0,,,6.0,,,,,linear,{},,0.0,123.0,none,{},failed,3.0,120.0,expanding,PRUNED
172,0.006327646493207954,2026-04-21 18:04:42.741922,2026-04-21 18:04:49.669922,0 days 00:00:06.928000,zero,auto,6,,linear,none,3,100,,mixed_frequency,zero,auto,QE,0.005304061004051341,80.45293356916129,MIDAS,3.0,145.0,145.0,1.0,6.0,145.0,145.0,145.0,145.0,linear,{},0.006327646493207954,0.2,123.0,none,{},success,3.0,100.0,expanding,COMPLETE
